COINTRIG_cut,COINTRIG_scaler,CPULT_scaler,CPULT_scaler_uncern,HMSTRIG_cut,HMSTRIG_scaler,HMS_eLT,HMS_eLT_uncern,HMS_track,HMS_track_uncern,PS1,PS4,SHMSTRIG_cut,SHMSTRIG_scaler,SHMS_eLT,SHMS_eLT_uncern,SHMS_track,SHMS_track_uncern,accp_edtm,charge,h_int_W_evts,h_int_goodscin_evts,p_int_W_evts,p_int_goodscin_evts,run number,sent_edtm,time,tot_events
638790,2070664.0,0.994849959334085,0.006926992544987596,339546,53946129.0,0.9689426553189409,0.0015191265600373986,0.9952,0.0001,1025,129,469200,521641559.0,0.9689426553189409,0.0015191265600373986,0.9832,0.0009,9919,39278.4991817437,1.0000000000000001e+39,347614.6666666667,5.733333333333333e+39,197242.66666666663,12200,7095.0,717.275912,2993464
803370,2240349.0,0.9956172823153931,0.005044359903572541,443089,74663793.0,0.9768804356277174,0.0012045006626246427,0.9959,0.0001,1025,129,459147,724750920.0,0.9768804356277174,0.0012045006626246427,0.9871,0.0004,16502,54429.39738523495,1.8000000000000002e+39,387949.3333333333,6.199999999999998e+39,217057.9166666667,12202,18526.0,1858.9854600000003,3503830
1225431,468007.0,0.9894118252050869,0.0016829186802459616,3087969,25476612.0,0.9876788018764742,0.0011456135306562643,0.9969,0.0001,257,17,1286824,248401564.0,0.9876788018764742,0.0011456135306562643,0.9919,0.0004,32553,18356.578102023275,1.7e+39,382798.0,4.9999999999999995e+39,194347.9166666667,12205,11429.0,1146.828174,9173559
1051184,151105.0,0.9862486806750531,0.003424465196032016,2759180,9988097.0,0.9906755344010967,0.0012573754367052117,0.9972,0.0001,257,17,2395214,97691971.0,0.9906755344010967,0.0012573754367052117,0.9929,0.0004,48330,7136.190843321876,9.000000000000001e+38,324143.0,4.7e+39,167789.5833333333,12208,5358.0,537.5410539999999,11178393
885281,154756.0,0.981712763759462,0.0015358349303487642,5283232,12860620.0,0.9938157446177195,0.000960135882610248,0.9974,0.0001,129,9,2439646,125927055.0,0.9938157446177195,0.000960135882610248,0.9943,0.0004,65714,9093.564517969131,8.666666666666667e+38,295360.0,3.9e+39,142755.0,12212,10845.0,1088.1622969999999,15459057
1281040,863778.0,0.9917082133557059,0.0017400324942958962,1347485,39770570.0,0.984545440100762,0.0011489603715667742,0.9966,0.0001,257,33,2181804,387684471.0,0.984545440100762,0.0011489603715667742,0.9907,0.0004,28688,28699.683957399724,1.6e+39,364815.5833333333,6.800000000000001e+39,198834.00000000003,12203,13791.0,1383.7228289999998,6951850
