COINTRIG_cut,COINTRIG_scaler,CPULT_scaler,CPULT_scaler_uncern,HMSTRIG_cut,HMSTRIG_scaler,HMS_eLT,HMS_eLT_uncern,HMS_track,HMS_track_uncern,PS1,PS4,SHMSTRIG_cut,SHMSTRIG_scaler,SHMS_eLT,SHMS_eLT_uncern,SHMS_track,SHMS_track_uncern,accp_edtm,charge,h_int_W_evts,h_int_goodscin_evts,p_int_W_evts,p_int_goodscin_evts,run number,sent_edtm,time,tot_events
605099,2085520.0,0.9948586239185482,0.006882494954862965,244535,54468893.0,0.9690816232084327,0.0015120112853467434,0.9952,0.0001,1025,129,56301,526699641.0,0.9690816232084327,0.0015120112853467434,0.9834,0.0005,9262,39810.52269541424,1.0000000000000001e+39,346980.0,6e+39,196909.0,12201,10153.0,1018.8642209999999,2988019
