COINTRIG_cut,COINTRIG_scaler,COIN_PS,CPULT_scaler,CPULT_scaler_uncern,HMSTRIG_cut,HMSTRIG_scaler,HMS_PS,HMS_eLT_scaler,HMS_eLT_scaler_uncern,HMS_track,HMS_track_uncern,PS1,PS2,PS3,PS4,PS5,PS6,SHMSTRIG_cut,SHMSTRIG_scaler,SHMS_PS,SHMS_eLT_scaler,SHMS_eLT_scaler_uncern,SHMS_track,SHMS_track_uncern,accp_edtm,charge,curr_corr,h_int_etotnorm_evts,h_int_etottracknorm_evts,haccp_edtm,p_int_etotnorm_evts,p_int_etottracknorm_evts,paccp_edtm,run number,sent_edtm,sent_edtm_PS,time,tot_events
18498,1064160.0,1,1.497476906029163,0.0023505420364263,42991,21321008.0,17,0.9606033984149672,0.00155658915316,0.9974,0.002,1025,,,17,1,,,768755007.0,1025,0.9606033984149672,0.00155658915316,0.9866,0.0124,10100,80492.63217240205,0.9979568873572456,1458084.8395292473,1460340.5003111272,3995,1238.2289851030446,1340.5723588167557,2512,12219,11706.0,11706.0,1174.682246,3006316
18207,1054527.0,1,1.4954746485497346,0.0023607985349576584,42734,21072617.0,17,0.960512556956435,0.0015626488206796053,0.9972,0.002,1025,,,17,1,,,760461393.0,1025,0.960512556956435,0.0015626488206796053,0.9852,0.0123,9938,79650.8953982863,0.9979618487929328,1432632.8061141153,1434602.991177222,3919,1122.7627814222776,1272.1871266372148,2467,12218,11556.0,11556.0,1159.5754899999997,2951983
