COINTRIG_cut,COINTRIG_scaler,COIN_PS,CPULT_scaler,CPULT_scaler_uncern,HMSTRIG_cut,HMSTRIG_scaler,HMS_PS,HMS_eLT_scaler,HMS_eLT_scaler_uncern,HMS_track,HMS_track_uncern,PS1,PS2,PS3,PS4,PS5,PS6,SHMSTRIG_cut,SHMSTRIG_scaler,SHMS_PS,SHMS_eLT_scaler,SHMS_eLT_scaler_uncern,SHMS_track,SHMS_track_uncern,accp_edtm,charge,curr_corr,h_int_etotnorm_evts,h_int_etottracknorm_evts,haccp_edtm,p_int_etotnorm_evts,p_int_etottracknorm_evts,paccp_edtm,run number,sent_edtm,sent_edtm_PS,time,tot_events,c_int_Track_events,c_int_noTrack_events
6706,276828,1,1.29995715415127,0.003068675445434,11878,6541620,17,0.968043807457818,0.001859668770933,0.9975,0.0037,513,,,17,1,,,246161281,513,0.968043807457818,0.001859668770933,0.9898,0.0201,4089,25380.8116857633,0.99745439917289,419658.283275554,420265.022528646,1346,30376.4584202533,27871.8746968931,1709,12223,4599,4599,461.495823,1128517,82036.4171201107,413838.853442663
12209,512688,1,1.29463883289153,0.002239034612267,22343,12385700,17,0.968781144617872,0.001579753348178,0.9973,0.0027,513,,,17,1,,,450810776,513,0.968781144617872,0.001579753348178,0.9884,0.0148,7554,46438.125779468,0.997401111769387,776374.765879212,778030.783948711,2509,55403.5343984263,50727.4949855076,3156,12233,8592,8592,862.053561,2076534,160563.03051233,777027.571064273
