rate_HMS,yieldRel_HMS_scaler,uncern_yieldRel_HMS_scaler
0.121323101748124,0.997449728785964,0.006994846621533
0.092169994233316,1.00711252863984,0.005332791886409
0.061246696454233,1.00398029615546,0.003870146477158
0.038501213442431,1.00281724494452,0.003225541145142
0.023291092309345,1.00249532308652,0.003805765065402
0.012515747000054,1.00197320604528,0.006373923393619
0.004039795892414,1,0.019602442436338
0.003928283453739,1.00262618838873,0.019467405730816
