current,yieldRel_HMS_scaler,uncern_yieldRel_HMS_scaler
79.3953834582523,0.997449728785964,0.060998720049743
59.0959594853638,1.00711252863984,0.061086725751711
39.4457869840534,1.00398029615546,0.061259967267544
24.7153110827452,1.00281724494452,0.061576133975571
14.859629127154,1.00249532308652,0.062154493511784
7.91843501424472,1.00197320604528,0.063498747445689
2.48201151284326,1,0.0709424859431
2.49982307018475,1.00262618838873,0.070857640808112
