run number,time,HMSTRIG_cut,HMSTRIG_scaler,HMS_eLT,HMS_eLT_uncern,HMS_evts_scaler,HMS_evts_scaler_uncern,HMS_track,HMS_track_uncern,PS4,SHMSTRIG_cut,SHMSTRIG_scaler,SHMS_eLT,SHMS_eLT_uncern,SHMS_evts_scaler,SHMS_evts_scaler_uncern,SHMS_track,SHMS_track_uncern,accp_edtm,charge,h_int_goodscin_evts,p_int_goodscin_evts,,sent_edtm
12181,616.587639,74721,14888673,0.99267934041319,0.001010397870751,1904,43.6348484585429,0.9972,0.0001,129,75268,113711425,0.99267934041319,0.001010397870751,176,13.2664991614216,0.9695,0.0027,584,78526.7938033149,1618.58333333333,1,,400771
12185,606.345841,72958,8914461,0.995836226848268,0.000866475978861,1119,33.4514573673555,0.9975,0.0001,65,77018,67951680,0.995836226848268,0.000866475978861,97,9.8488578017961,0.9693,0.0027,1022,46616.9986834363,947,10.6666666666667,,394115
12186,566.559694,69457,5566580,0.997398632489906,0.000769812074284,680,26.0768096208106,0.9977,0.0001,33,80515,42559717,0.997398632489906,0.000769812074284,66,8.12403840463596,0.9626,0.0027,831,29155.900218264,583,1,,51085
12187,33.8603719999998,88501,3998635,0.99812426606448,0.000709554834795,205,14.3178210632764,0.9978,0.0001,33,61467,30637220,0.99812426606448,0.000709554834795,43,6.557438524302,0.9709,0.0028,859,20911.9064103792,131.666666666667,1.33333333333333,,1690
12189,174.046926,64035,2228045,0.99895477560864,0.000613041147323,248,15.7480157480236,0.9977,0.0001,17,85910,17056722,0.99895477560864,0.000613041147323,16,4,0.9682,0.0029,731,11541.473430164,194.5,0,,29582
12191,600.010258,74851,79252,0.993255604812671,0.003596585442686,1885,43.4165866921848,0.9971,0.0002,129,74896,602049,0.993255604812671,0.003596585442686,146,12.0830459735946,0.9666,0.0056,1281,415.862694250747,1592,7,,197988
