CPULT_scaler,CPULT_scaler_uncern,HMSTRIG_cut,HMSTRIG_scaler,HMS_eLT,HMS_eLT_uncern,HMS_track,HMS_track_uncern,PS2,PS4,SHMSTRIG_cut,SHMSTRIG_scaler,SHMS_eLT,SHMS_eLT_uncern,SHMS_track,SHMS_track_uncern,accp_edtm,charge,h_int_goodscin_evts,p_int_goodscin_evts,run number,sent_edtm,time,tot_events
0.9863710167076812,0.012526380862834485,174198,3043018.0,0.9926490720298966,0.0015077981371293045,0.9971,0.0002,129,129,174487,23158643.0,0.9926490720298966,0.0015077981371293045,0.9666,0.0056,2557,15970.930353543245,952.5833333333333,15.0,12191,39722.0,233.919901,348720
0.9095292673227529,0.0046649529007976856,743073,2228045.0,0.9989547756086395,0.0006130411473233312,0.9977,0.0001,17,17,1004049,17056722.0,0.9989547756086395,0.0006130411473233312,0.9682,0.0029,8832,11541.473430164033,840.9999999999999,5.0,12189,24076.0,1207.9906640000002,1747733
0.9863675486744627,0.006164378011106386,708130,12564484.0,0.9926573715654148,0.0010557747950734784,0.9972,0.0001,129,129,712682,95965887.0,0.9926573715654148,0.0010557747950734784,0.9695,0.0027,5446,66283.20131663317,3784.083333333333,60.0,12181,87359.0,971.012407,1420908
0.7080783156589305,0.003406243246837558,1098024,1111273.0,0.9994700001683964,0.0005198180246975868,0.9979,0.0001,5,5,1677411,8481036.0,0.9994700001683964,0.0005198180246975868,0.9661,0.0023,11900,5649.379547157415,774.1666666666665,5.0,12190,11997.0,1202.168258,2778384
0.9735512191012752,0.005090748602624338,978010,8885459.0,0.9958357699468591,0.0008672307624073149,0.9976,0.0001,65,65,1032237,67730284.0,0.9958357699468591,0.0008672307624073149,0.9693,0.0027,13471,46465.33275238577,3030.333333333333,57.99999999999999,12185,107922.0,1199.56746,2010507
0.9348166805756636,0.006724522873546218,1332167,3998635.0,0.99812426606448,0.0007095548347946612,0.9978,0.0001,33,33,927636,30637220.0,0.99812426606448,0.0007095548347946612,0.9709,0.0028,12922,20911.906410379223,2008.0,33.0,12187,36167.0,1204.937129,2260300
0.9501456345166136,0.0043900499301203376,1111326,5566580.0,0.9973986324899063,0.0007698120742836977,0.9978,0.0001,33,33,1287468,42559717.0,0.9973986324899063,0.0007698120742836977,0.9626,0.0027,13449,29155.900218264,2328.6666666666665,37.0,12186,60203.0,1204.751056,2399337
0.9735833726475835,0.004507565504325411,1236322,11301545.0,0.9942458569541371,0.0009594476185839868,0.9976,0.0001,65,65,1307145,86389919.0,0.9942458569541371,0.0009594476185839868,0.9628,0.0025,12208,59572.17164605441,5199.0,107.0,12184,99857.0,1109.9117069999993,2543803
