CPULT_scaler,CPULT_scaler_uncern,HMSTRIG_cut,HMSTRIG_scaler,HMS_eLT,HMS_eLT_uncern,HMS_evts_scaler,HMS_evts_scaler_uncern,HMS_track,HMS_track_uncern,PS4,SHMSTRIG_cut,SHMSTRIG_scaler,SHMS_eLT,SHMS_eLT_uncern,SHMS_evts_scaler,SHMS_evts_scaler_uncern,SHMS_track,SHMS_track_uncern,accp_edtm,charge,h_int_goodscin_evts,p_int_goodscin_evts,run number,sent_edtm,time,tot_events
0.9095292673227529,0.0046649529007976856,64035,2228045.0,0.9989547756086395,0.0006130411473233312,134,11.575836902790224,0.9977,0.0001,17,85910,17056722.0,0.9989547756086395,0.0006130411473233312,16,4.0,0.9682,0.0029,731,11541.473430164033,83.0,0.0,12189,24076.0,1207.9906640000002,150001
0.9863624909523786,0.00566489894494961,74721,14888673.0,0.9926793404131904,0.001010397870750923,701,26.47640458974745,0.9972,0.0001,129,75268,113711425.0,0.9926793404131904,0.001010397870750923,176,13.2664991614216,0.9695,0.0027,584,78526.79380331485,363.33333333333326,1.0,12181,103834.0,1154.09456,150001
0.9735511504343636,0.0050824717098773295,72958,8914461.0,0.995836226848268,0.0008664759788614744,397,19.924858845171283,0.9975,0.0001,65,77018,67951680.0,0.995836226848268,0.0008664759788614744,97,9.848857801796104,0.9693,0.0027,1022,46616.99868343628,221.0,10.666666666666666,12185,108286.0,1203.614943,150001
0.9501456345166136,0.0043900499301203376,69457,5566580.0,0.9973986324899063,0.0007698120742836977,287,16.941074346097416,0.9977,0.0001,33,80515,42559717.0,0.9973986324899063,0.0007698120742836977,66,8.124038404635959,0.9626,0.0027,831,29155.900218264,146.66666666666666,1.0,12186,60203.0,1204.751056,150001
0.9348166805756636,0.006724522873546218,88501,3998635.0,0.99812426606448,0.0007095548347946612,205,14.31782106327635,0.9978,0.0001,33,61467,30637220.0,0.99812426606448,0.0007095548347946612,43,6.5574385243019995,0.9709,0.0028,859,20911.906410379223,131.66666666666666,1.3333333333333333,12187,36167.0,1204.937129,150001
0.9095292673227529,0.0046649529007976856,64035,2228045.0,0.9989547756086395,0.0006130411473233312,134,11.575836902790224,0.9977,0.0001,17,85910,17056722.0,0.9989547756086395,0.0006130411473233312,16,4.0,0.9682,0.0029,731,11541.473430164033,83.0,0.0,12189,24076.0,1207.9906640000002,150001
0.9879642037807078,0.06880634628082424,74851,79252.0,0.9932556048126712,0.003596585442685498,672,25.922962793631438,0.9971,0.0002,129,74896,602049.0,0.9932556048126712,0.003596585442685498,146,12.083045973594572,0.9666,0.0056,1281,415.8626942507472,388.5,7.0,12191,1123.0,6.602715999999987,149757
