run number,time,HMSTRIG_cut,HMSTRIG_scaler,HMS_eLT,HMS_eLT_uncern,HMS_evts_scaler,HMS_evts_scaler_uncern,HMS_track,HMS_track_uncern,PS4,SHMSTRIG_cut,SHMSTRIG_scaler,SHMS_eLT,SHMS_eLT_uncern,SHMS_evts_scaler,SHMS_evts_scaler_uncern,SHMS_track,SHMS_track_uncern,accp_edtm,charge,h_int_goodscin_evts,p_int_goodscin_evts,,sent_edtm
12192,589.858869,76239,29448670,0.954927286104835,0.002071931844134,3314,57.567351858497,0.9948,0.0001,513,73097,223709041,0.954927286104835,0.002071931844134,484,22,0.9483,0.0033,979,29797.608263656,1755.83333333333,36,,194638
12193,613.292596,76076,29365952,0.964792941807206,0.00183274723474,2847,53.3572862878164,0.9953,0.0002,513,73915,225039512,0.964792941807206,0.00183274723474,475,21.7944947177034,0.9431,0.004,1125,29394.3822218651,1523,30.3333333333333,,55177
12194,570.143273,75430,23943221,0.974767622697448,0.001633680829483,2305,48.0104155366312,0.996,0.0001,257,74561,184249496,0.974767622697448,0.001633680829483,406,20.1494416796099,0.9643,0.0027,1459,23657.2476479965,1215.33333333333,27,,188133
12195,562.343295,75471,15376446,0.984527227774669,0.001431689831122,1416,37.6297754444536,0.9968,0.0001,257,74520,118423505,0.984527227774669,0.001431689831122,282,16.7928556237467,0.9698,0.0033,2273,14973.2047416789,806.583333333333,19.0833333333333,,50592
12196,568.86339,74720,7119907,0.988963240406224,0.001460121912482,1084,32.9241552663087,0.997,0.0002,257,75269,55885692,0.988963240406224,0.001460121912482,194,13.9283882771841,0.9664,0.005,870,7034.96633859708,567,11,,51180
12197,649.396362,71689,5576974,0.993914012264583,0.001152323039448,564,23.7486841740758,0.9973,0.0001,65,78296,43922761,0.993914012264583,0.001152323039448,108,10.3923048454133,0.9704,0.0028,843,5456.64125431717,296.416666666667,8,,834778
12199,649.244622999999,76153,2254602,0.955115070951732,0.003923447663476,3622,60.1830540933243,0.9949,0.0001,513,73834,17271481,0.955115070951732,0.003923447663476,479,21.8860686282393,0.9391,0.0034,59,2291.88000578685,1824,34.6666666666667,,110357
