CPULT_scaler,CPULT_scaler_uncern,HMSTRIG_cut,HMSTRIG_scaler,HMS_eLT,HMS_eLT_uncern,HMS_evts_scaler,HMS_evts_scaler_uncern,HMS_track,HMS_track_uncern,PS4,SHMSTRIG_cut,SHMSTRIG_scaler,SHMS_eLT,SHMS_eLT_uncern,SHMS_evts_scaler,SHMS_evts_scaler_uncern,SHMS_track,SHMS_track_uncern,accp_edtm,charge,h_int_goodscin_evts,p_int_goodscin_evts,run number,sent_edtm,time,tot_events
0.9965486460199168,0.0067089160859575845,76239,42786775.0,0.9552889565609542,0.001880205809023763,3314,57.56735185849702,0.9948,0.0001,513,73097,324720588.0,0.9552889565609542,0.001880205809023763,484,22.0,0.9483,0.0033,979,43255.99098469085,1755.833333333333,36.0,12192,469489.0,723.751755,149342
0.9965010054423068,0.007772628379432908,76076,32692723.0,0.9651201185253809,0.0017763895493379863,2847,53.3572862878164,0.9953,0.0002,513,73915,250337440.0,0.9651201185253809,0.0017763895493379863,475,21.794494717703373,0.9431,0.004,1125,32700.643347765385,1523.0,30.33333333333333,12193,433365.0,666.7335249999999,150001
0.9931061661489341,0.006344947496666662,75430,23943221.0,0.974767622697448,0.0016336808294825445,2305,48.01041553663122,0.996,0.0001,257,74561,184249496.0,0.974767622697448,0.0016336808294825445,406,20.149441679609886,0.9643,0.0027,1459,23657.24764799649,1215.3333333333333,27.0,12194,394115.0,606.3458410000001,150001
0.9930890299267316,0.007906356338106803,75471,15494464.0,0.9845693642070936,0.0014272762168549382,1416,37.629775444453564,0.9968,0.0001,257,74520,119246678.0,0.9845693642070936,0.0014272762168549382,282,16.792855623746664,0.9698,0.0033,2273,15082.066730114368,806.5833333333333,19.08333333333333,12195,416498.0,640.783129,150001
0.9739315985199404,0.006273569094871444,71689,5659432.0,0.9939272900801852,0.0011469556738960196,564,23.748684174075837,0.9973,0.0001,65,78296,44556382.0,0.9939272900801852,0.0011469556738960196,108,10.392304845413264,0.9704,0.0028,843,5547.2475360959,296.41666666666663,8.0,12197,54140.0,600.510238,150001
0.9965090978614404,0.006436313850257642,76153,47450536.0,0.9549889567257092,0.0018341152110617441,3622,60.18305409332431,0.9949,0.0001,513,73834,363952575.0,0.9549889567257092,0.0018341152110617441,479,21.88606862823929,0.9391,0.0034,59,48337.359576223134,1824.0,34.66666666666666,12199,39607.0,793.405607,150001