Physics Setting,Physics Yield,Physics Yield Error,SIMC Yield,SIMC Yield Error,Data/SIMC Ratio,Data/SIMC Ratio Error
Q3p85_W2p62_t0p21_loweps_center,5.288626961256915,0.32780461826032486,0.6940623546735512,0.0010616066818089035,7.619815317233845,0.4724422959782383
Q3p85_W2p62_t0p21_loweps_left,4.28640954042787,0.26923872869982796,0.4102917452882359,0.0006736469045902666,10.447223444421494,0.6564370286390611
Q3p85_W2p62_t0p21_higheps_right,26.377954371581236,2.282016191693908,6.060848820564689,0.024325955840949546,4.352188142703682,0.37692257557463515
Q3p85_W2p62_t0p21_higheps_center,27.506418903759275,2.4938551927899533,4.996000966204953,0.02112750108505466,5.505687266640706,0.49971297802189374
Q3p85_W2p62_t0p21_higheps_left,19.870166282428194,1.4099297840976348,2.2109090237297875,0.011355583768176369,8.987328772536904,0.6393834244820085
