rate_HMS,yieldRel_HMS_scaler,uncern_yieldRel_HMS_scaler
0.067950215652091,0.999189916333539,0.06103980869353
0.054000109120222,1.00379179562485,0.061119270577679
0.039487730237437,1.00041401609222,0.061260758384475
0.024937973172699,0.997966928929847,0.061580406858402
0.017651620231527,0.997346261491207,0.061922571902806
0.009843577047682,0.997878655790714,0.062935413289409
0.004947188121573,1,0.065445403664677
