current,yieldRel_HMS_scaler,uncern_yieldRel_HMS_scaler
69.3092623723114,0.999189916333539,0.06103980869353
54.4160926561961,1.00379179562485,0.061119270577679
39.5485201811797,1.00041401609222,0.061260758384475
24.6693387975302,0.997966928929847,0.061580406858402
17.7225756794668,0.997346261491207,0.061922571902806
9.85802873203446,0.997878655790714,0.062935413289409
4.93114430951319,1,0.065445403664677
