current,yieldRel_SHMS_scaler,uncern_yieldRel_SHMS_scaler
69.3092623723114,0.987940683857268,0.061071975731268
54.4160926561961,0.998596197459131,0.061162756791821
39.5485201811797,0.997976400864189,0.061288561020294
24.6693387975302,0.999481131371513,0.061623617427687
17.7225756794668,1.00083837969858,0.062014616663493
9.85802873203446,1.00125241342866,0.062964650123295
4.93114430951319,1,0.065472724514628
