rate_SHMS,yieldRel_SHMS_scaler,uncern_yieldRel_SHMS_scaler
0.51607499114984,0.987940683857268,0.061071975731268
0.413803875177642,0.998596197459131,0.061162756791821
0.303868656369658,0.997976400864189,0.061288561020294
0.192062729626015,0.999481131371513,0.061623617427687
0.138551390005528,1.00083837969858,0.062014616663493
0.077525389584103,1.00125241342866,0.062964650123295
0.038872038914885,1,0.065472724514628
