Physics_Setting,Beam_Energy_loweps,Beam_Energy_higheps,total_tbins,tbin_number,t_min,t_max,t_central,total_phibins,phi_central,theta_cm,data_avg_Q2,data_avg_Q2_err,data_avg_W,data_avg_W_err,simc_avg_Q2,simc_avg_Q2_err,simc_avg_W,simc_avg_W_err
Q3p85_W2p62_t0p21,6.39566,10.557302,5,1,0.16,0.236,0.198,15,180.0,5.699757660617646,3.6161369817890896,0.001588675316256761,2.6740715455747983,0.00038903611809230746,3.658054482275735,0.00036918288779845044,2.6668390946997977,9.312328369137956e-05
Q3p85_W2p62_t0p21,6.39566,10.557302,5,2,0.236,0.272,0.254,15,180.0,9.042479183350869,3.7748672719249843,0.0019272086508236301,2.6349907733937985,0.0004895800525423382,3.8193528865507655,0.0004081226465935508,2.6257472825955865,0.00010650964176967303
Q3p85_W2p62_t0p21,6.39566,10.557302,5,3,0.272,0.31,0.291,15,180.0,10.97515190338074,3.846048474119526,0.002297851173566072,2.6175642893606725,0.0005750678936902937,3.89954587554546,0.00046783627124979266,2.6052896760560165,0.00012055621648161432
Q3p85_W2p62_t0p21,6.39566,10.557302,5,4,0.31,0.358,0.334,15,180.0,13.195833897139698,3.8866066972848694,0.002476545131493515,2.6070651358521086,0.0006198996898961751,3.9368867398054377,0.0004921517017239244,2.5958560523427,0.00012579931993326722
Q3p85_W2p62_t0p21,6.39566,10.557302,5,5,0.358,0.5,0.429,15,180.0,17.42804816787134,3.9316097965475696,0.002355925373046348,2.5970747060950616,0.0005873781147415493,3.976529361984418,0.0004588246780341553,2.5870469404222356,0.0001172723718415324
