Physics_Setting,Beam_Energy_loweps,Beam_Energy_higheps,total_tbins,tbin_number,t_min,t_max,t_central,total_phibins,phi_central,theta_cm,data_avg_Q2,data_avg_Q2_err,data_avg_W,data_avg_W_err,simc_avg_Q2,simc_avg_Q2_err,simc_avg_W,simc_avg_W_err
Q3p85_W2p62_t0p21,6.39566,10.557302,5,1,0.16,0.236,0.198,15,180.0,5.701726323445186,3.6160109764088553,0.001593943959086979,2.6740981894390936,0.00039024417489592065,3.658054482275735,0.00036918288779845044,2.6668390946997977,9.312328369137956e-05
Q3p85_W2p62_t0p21,6.39566,10.557302,5,2,0.236,0.272,0.254,15,180.0,9.041629101333134,3.774916123423979,0.0019340135075429365,2.634962376230666,0.0004912224019088735,3.8193528865507655,0.0004081226465935508,2.6257472825955865,0.00010650964176967303
Q3p85_W2p62_t0p21,6.39566,10.557302,5,3,0.272,0.308,0.29,15,180.0,10.929041451517625,3.843899398965449,0.0023578928481080303,2.6180387927412156,0.0005902527125023919,3.898366835082464,0.000478072032835606,2.6056007814051365,0.00012350118561824856
Q3p85_W2p62_t0p21,6.39566,10.557302,5,4,0.308,0.354,0.331,15,180.0,13.033457414307017,3.8862418731587502,0.0024976198653117233,2.607281392335315,0.0006254894685835874,3.935352161715611,0.0004975891947204375,2.5961958469232305,0.00012739931790499865
Q3p85_W2p62_t0p21,6.39566,10.557302,5,5,0.354,0.5,0.427,15,180.0,17.3617035624712,3.9286576284200536,0.002306574125626784,2.5977325449397384,0.0005748338387066967,3.974538274074302,0.0004457909885627017,2.5875178799595138,0.00011384144120347391
