Physics_Setting,Beam_Energy_loweps,Beam_Energy_higheps,total_tbins,tbin_number,t_min,t_max,t_central,total_phibins,phi_central,theta_cm,data_avg_Q2,data_avg_Q2_err,data_avg_W,data_avg_W_err,simc_avg_Q2,simc_avg_Q2_err,simc_avg_W,simc_avg_W_err
Q3p85_W2p62_t0p21,6.39566,10.557302,5,1,0.16,0.236,0.198,15,180.0,5.699142456766852,3.616171141822996,0.0015838111066188122,2.6740612990193324,0.000387834323414517,3.658054482275735,0.00036918288779845044,2.6668390946997977,9.312328369137956e-05
Q3p85_W2p62_t0p21,6.39566,10.557302,5,2,0.236,0.272,0.254,15,180.0,9.043274340493934,3.774791323306444,0.0019214666450876711,2.6350054782279413,0.0004882213134779677,3.8193528865507655,0.0004081226465935508,2.6257472825955865,0.00010650964176967303
Q3p85_W2p62_t0p21,6.39566,10.557302,5,3,0.272,0.31,0.291,15,180.0,10.975466489656895,3.846006960911604,0.0022907368097399455,2.6175683482623944,0.0005732130062801536,3.89954587554546,0.00046783627124979266,2.6052896760560165,0.00012055621648161432
Q3p85_W2p62_t0p21,6.39566,10.557302,5,4,0.31,0.358,0.334,15,180.0,13.196306627190893,3.8865382276890057,0.002467090732674778,2.6070739089966697,0.0006174358267036312,3.9368867398054377,0.0004921517017239244,2.5958560523427,0.00012579931993326722
Q3p85_W2p62_t0p21,6.39566,10.557302,5,5,0.358,0.5,0.429,15,180.0,17.42797619964031,3.9316180163457783,0.002343282716011969,2.5970698377080885,0.00058415962170845,3.976529361984418,0.0004588246780341553,2.5870469404222356,0.0001172723718415324
