run number,time,HMSTRIG_cut,HMSTRIG_scaler,HMS_eLT,HMS_eLT_uncern,HMS_evts_scaler,HMS_evts_scaler_uncern,HMS_track,HMS_track_uncern,PS4,SHMSTRIG_cut,SHMSTRIG_scaler,SHMS_eLT,SHMS_eLT_uncern,SHMS_evts_scaler,SHMS_evts_scaler_uncern,SHMS_track,SHMS_track_uncern,accp_edtm,charge,h_int_goodscin_evts,p_int_goodscin_evts,,sent_edtm
12158,1204.751056,58087,63804727,0.884373011985131,0.002455980534049,6292,79.3221280602078,0.9939,0.0002,1025,91905,803932126,0.884373011985131,0.002455980534049,603,24.5560583156173,0.902,0.0037,1032,25398.6125729814,3218,84,,60203
12159,6.60271599999999,81640,38902156,0.928820388792292,0.002141372729706,10242,101.202766760598,0.9952,0.0002,1025,68352,514218136,0.928820388792292,0.002141372729706,696,26.3818119165458,0.9394,0.0032,1050,15450.341830091,8430,67,,1123
12160,660.335085,80099,25566483,0.949239402271004,0.001990483555571,8143,90.2385726837476,0.9958,0.0001,513,69891,346764672,0.949239402271004,0.001990483555571,690,26.2678510731274,0.9608,0.0024,661,10128.5251962547,6763.66666666667,45,,112237
12161,597.674599,79503,19136509,0.966213542116228,0.001735232206337,6100,78.1024967590665,0.9964,0.0001,513,70487,263777638,0.966213542116228,0.001735232206337,524,22.8910462845192,0.9652,0.0027,1014,7489.40242153044,5089,40.1666666666667,,197217
12162,1207.990664,78169,12310499,0.97757739265813,0.001572907357514,4579,67.6683086828687,0.9972,0.0001,257,71820,171099602,0.97757739265813,0.001572907357514,447,21.142374511866,0.9685,0.0024,1459,4748.62780241723,3877.33333333333,24,,24076
12163,606.844255,36497,40439,0.987996630809653,0.006407436529478,855,29.2403830344269,0.9972,0.0005,129,67760,184915,0.987996630809653,0.006407436529478,139,11.7898261225516,0.9754,0.0071,622,101.560617850705,495,10,,394439
