CPULT_scaler,CPULT_scaler_uncern,HMSTRIG_cut,HMSTRIG_scaler,HMS_eLT,HMS_eLT_uncern,HMS_track,HMS_track_uncern,PS2,PS4,SHMSTRIG_cut,SHMSTRIG_scaler,SHMS_eLT,SHMS_eLT_uncern,SHMS_track,SHMS_track_uncern,accp_edtm,charge,h_int_goodscin_evts,p_int_goodscin_evts,run number,sent_edtm,time,tot_events
0.9854369257075114,0.01058074456617308,500772,4497186.0,0.9915813020360644,0.0012320421906701466,0.9975,0.0001,129,129,494146,63605742.0,0.9915813020360644,0.0012320421906701466,0.9724,0.0028,6500,1697.3302688950234,3745.5,59.66666666666666,12166,54233.0,602.801027,995003
0.9961348521747836,0.010799860615285298,581804,19136509.0,0.966213542116228,0.0017352322063366912,0.9965,0.0001,513,513,515879,263777638.0,0.966213542116228,0.0017352322063366912,0.9652,0.0027,7212,7489.40242153044,13872.5,275.0833333333333,12161,213322.0,646.479109,1097747
0.9980139401575236,0.011010127218492585,607489,38902156.0,0.9288203887922925,0.002141372729705625,0.9952,0.0001,1025,1025,509170,514218136.0,0.9288203887922925,0.002141372729705625,0.9394,0.0032,7685,15450.34183009099,23267.5,531.9999999999999,12159,411861.0,633.6476680000002,1116719
0.992449363516789,0.009326712955598013,721535,12310499.0,0.97757739265813,0.0015729073575143564,0.9972,0.0001,257,257,663287,171099602.0,0.97757739265813,0.0015729073575143564,0.9685,0.0024,13018,4748.627802417234,12438.333333333332,233.0,12162,204698.0,620.3433650000001,1384931
0.9888658077624151,0.0060803493166955176,478019,8042035.0,0.9860571884484112,0.0013745821744976345,0.9972,0.0001,129,129,886973,113209509.0,0.9860571884484112,0.0013745821744976345,0.9732,0.0021,7570,3079.5769741174713,6142.916666666666,89.99999999999999,12164,110361.0,649.294684,1365108
0.9961580572004509,0.009295498048861834,765143,25566483.0,0.9492394022710038,0.001990483555570592,0.9959,0.0001,513,513,667517,346764672.0,0.9492394022710038,0.001990483555570592,0.9608,0.0024,6510,10128.525196254699,23905.66666666667,502.0,12160,192128.0,580.520751,1432776
0.99855356925552,0.006328524598949195,483943,63509979.0,0.8843492784608104,0.0024590993496415624,0.9939,0.0002,1025,1025,767428,800202995.0,0.8843492784608104,0.0024590993496415624,0.902,0.0037,8659,25281.50785748078,26443.33333333333,664.6666666666667,12158,830742.0,646.2665499999998,1251435
