Physics_Setting,tbin_number,t_min,t_max,phibin_number,phi_min,phi_max,DummySub_Counts,physics_yield,physics_yield_error,%error/yield
Q3p85_W2p62_t0p21_loweps_center,1,0.16,0.208,1,0,24,72.0,0.02396578921180036,0.0031915672467211693,13.317179828777324
Q3p85_W2p62_t0p21_loweps_center,1,0.16,0.208,2,24,48,85.5,0.028281669617818573,0.004039283393979241,14.282337105848702
Q3p85_W2p62_t0p21_loweps_center,1,0.16,0.208,3,48,72,108.83333333333331,0.03420410754651855,0.00451194330699895,13.191232371324348
Q3p85_W2p62_t0p21_loweps_center,1,0.16,0.208,4,72,96,129.33333333333331,0.042780849168474105,0.005433627703645659,12.701074918470265
Q3p85_W2p62_t0p21_loweps_center,1,0.16,0.208,5,96,120,117.99999999999999,0.03828377999149271,0.00452297343964103,11.814333487043623
Q3p85_W2p62_t0p21_loweps_center,1,0.16,0.208,6,120,144,151.1666666666667,0.04910499570921189,0.005247562539025394,10.68641278394608
Q3p85_W2p62_t0p21_loweps_center,1,0.16,0.208,7,144,168,127.16666666666666,0.0402684031760703,0.00490235067530834,12.174186927336585
Q3p85_W2p62_t0p21_loweps_center,1,0.16,0.208,8,168,192,131.33333333333334,0.04254453043724227,0.004824699343940951,11.340351613606122
Q3p85_W2p62_t0p21_loweps_center,1,0.16,0.208,9,192,216,129.5,0.04104022261983143,0.0049479742998555145,12.056402192771142
Q3p85_W2p62_t0p21_loweps_center,1,0.16,0.208,10,216,240,126.16666666666666,0.04173337992336972,0.005324518136406931,12.75841579614146
Q3p85_W2p62_t0p21_loweps_center,1,0.16,0.208,11,240,264,150.16666666666666,0.049672094202055636,0.006073393691841074,12.226973292359661
Q3p85_W2p62_t0p21_loweps_center,1,0.16,0.208,12,264,288,150.6666666666667,0.04983748408286159,0.0061046153635616,12.249044019581422
Q3p85_W2p62_t0p21_loweps_center,1,0.16,0.208,13,288,312,99.16666666666667,0.031006569850936718,0.004296512289386116,13.856780385710152
Q3p85_W2p62_t0p21_loweps_center,1,0.16,0.208,14,312,336,80.33333333333333,0.02567476259503469,0.0036510186125831476,14.220262403864362
Q3p85_W2p62_t0p21_loweps_center,1,0.16,0.208,15,336,360,70.66666666666664,0.021728993020739804,0.003658048970645654,16.83487572182537
Q3p85_W2p62_t0p21_loweps_center,2,0.208,0.226,1,0,24,69.16666666666666,0.022878933511490653,0.0034550285175532513,15.101353023374134
Q3p85_W2p62_t0p21_loweps_center,2,0.208,0.226,2,24,48,81.33333333333333,0.026903420611102267,0.0038738173799529245,14.398977126181164
Q3p85_W2p62_t0p21_loweps_center,2,0.208,0.226,3,48,72,107.49999999999997,0.03555882437328068,0.004744099206158779,13.341552455045594
Q3p85_W2p62_t0p21_loweps_center,2,0.208,0.226,4,72,96,129.66666666666666,0.04199323083455576,0.004783540711442325,11.3912185758901
Q3p85_W2p62_t0p21_loweps_center,2,0.208,0.226,5,96,120,108.49999999999999,0.035889604134892596,0.004762427424649819,13.269657159633287
Q3p85_W2p62_t0p21_loweps_center,2,0.208,0.226,6,120,144,114.16666666666666,0.035968266275115436,0.0045950398243499,12.775260806854535
Q3p85_W2p62_t0p21_loweps_center,2,0.208,0.226,7,144,168,127.0,0.04021327321580165,0.004887912486715536,12.154972962496498
Q3p85_W2p62_t0p21_loweps_center,2,0.208,0.226,8,168,192,100.83333333333333,0.033353625962534585,0.004513228088807609,13.531446607565911
Q3p85_W2p62_t0p21_loweps_center,2,0.208,0.226,9,192,216,111.49999999999997,0.036881943419728336,0.004844525084510461,13.1352218330206
Q3p85_W2p62_t0p21_loweps_center,2,0.208,0.226,10,216,240,115.0,0.03714179433091436,0.004438428482469631,11.949957083186417
Q3p85_W2p62_t0p21_loweps_center,2,0.208,0.226,11,240,264,114.66666666666667,0.037031534410377064,0.00443572759660721,11.97824412958762
Q3p85_W2p62_t0p21_loweps_center,2,0.208,0.226,12,264,288,111.66666666666666,0.03603919512554132,0.004382756581879009,12.16108341657416
Q3p85_W2p62_t0p21_loweps_center,2,0.208,0.226,13,288,312,98.49999999999999,0.03183357464006039,0.0040748696166134106,12.800540506957281
Q3p85_W2p62_t0p21_loweps_center,2,0.208,0.226,14,312,336,57.16666666666668,0.018011698117692026,0.0030710453613685697,17.05028221826586
Q3p85_W2p62_t0p21_loweps_center,2,0.208,0.226,15,336,360,54.00000000000001,0.016964228872587642,0.0029730499268652752,17.5254056591361
Q3p85_W2p62_t0p21_loweps_center,3,0.226,0.264,1,0,24,146.50000000000009,0.04860888145188792,0.004998076961393592,10.282229938453916
Q3p85_W2p62_t0p21_loweps_center,3,0.226,0.264,2,24,48,204.5,0.06674658299518058,0.00644344118601977,9.653589587477486
Q3p85_W2p62_t0p21_loweps_center,3,0.226,0.264,3,48,72,259.16666666666663,0.08482920996329851,0.007570941279003894,8.924922538214695
Q3p85_W2p62_t0p21_loweps_center,3,0.226,0.264,4,72,96,337.9999999999999,0.10821204640700398,0.009485398650286898,8.765566279571772
Q3p85_W2p62_t0p21_loweps_center,3,0.226,0.264,5,96,120,285.1666666666666,0.09432736201966394,0.010218070966954726,10.832563052939632
Q3p85_W2p62_t0p21_loweps_center,3,0.226,0.264,6,120,144,357.83333333333337,0.11836402469679631,0.012400908965143868,10.476924045891721
Q3p85_W2p62_t0p21_loweps_center,3,0.226,0.264,7,144,168,256.5000000000001,0.08215137409008873,0.007730492445576723,9.410058603644684
Q3p85_W2p62_t0p21_loweps_center,3,0.226,0.264,8,168,192,207.0000000000001,0.06847141065366603,0.007823928372296595,11.426562265338248
Q3p85_W2p62_t0p21_loweps_center,3,0.226,0.264,9,192,216,265.0,0.08765663682715705,0.009589274364660547,10.9395873624137
Q3p85_W2p62_t0p21_loweps_center,3,0.226,0.264,10,216,240,336.6666666666666,0.10956676323376609,0.009241763631538023,8.43482399112244
Q3p85_W2p62_t0p21_loweps_center,3,0.226,0.264,11,240,264,391.99999999999983,0.1278699100429586,0.010378187636517449,8.11620781857971
Q3p85_W2p62_t0p21_loweps_center,3,0.226,0.264,12,264,288,320.83333333333326,0.10253366049933277,0.009160621774593163,8.934258008522749
Q3p85_W2p62_t0p21_loweps_center,3,0.226,0.264,13,288,312,252.83333333333343,0.08378179610328798,0.007311891560545667,8.727303424638224
Q3p85_W2p62_t0p21_loweps_center,3,0.226,0.264,14,312,336,172.3333333333334,0.05431074415441936,0.006027638316069425,11.098427042228156
Q3p85_W2p62_t0p21_loweps_center,3,0.226,0.264,15,336,360,144.33333333333337,0.047742545592652855,0.0059119437466018335,12.382967169458237
Q3p85_W2p62_t0p21_loweps_center,4,0.264,0.302,1,0,24,136.6666666666667,0.04430868916583915,0.00497614009120695,11.230619061155672
Q3p85_W2p62_t0p21_loweps_center,4,0.264,0.302,2,24,48,189.83333333333346,0.06189514649153919,0.006122190399352717,9.891228547604449
Q3p85_W2p62_t0p21_loweps_center,4,0.264,0.302,3,48,72,279.6666666666665,0.09071231682188703,0.008119492193130068,8.95081558667786
Q3p85_W2p62_t0p21_loweps_center,4,0.264,0.302,4,72,96,321.16666666666663,0.1053375551832371,0.008869138240294262,8.419730479662444
Q3p85_W2p62_t0p21_loweps_center,4,0.264,0.302,5,96,120,348.9999999999997,0.11454425854810205,0.009407289469339183,8.212798780646573
Q3p85_W2p62_t0p21_loweps_center,4,0.264,0.302,6,120,144,213.8333333333334,0.06803810426131379,0.0068845556584720006,10.118676487561299
Q3p85_W2p62_t0p21_loweps_center,4,0.264,0.302,7,144,168,115.8333333333333,0.0347238093688906,0.005050519096893411,14.5448301574257
Q3p85_W2p62_t0p21_loweps_center,4,0.264,0.302,8,168,192,88.83333333333331,0.02848639056873594,0.0038752474317675337,13.603855575934745
Q3p85_W2p62_t0p21_loweps_center,4,0.264,0.302,9,192,216,103.8333333333333,0.032550208738458986,0.004417769654044123,13.572169965301647
Q3p85_W2p62_t0p21_loweps_center,4,0.264,0.302,10,216,240,231.6666666666668,0.0758824128947135,0.0069807188830382045,9.19938970934401
Q3p85_W2p62_t0p21_loweps_center,4,0.264,0.302,11,240,264,351.4999999999998,0.11447332969767614,0.009562023802280564,8.353058155584232
Q3p85_W2p62_t0p21_loweps_center,4,0.264,0.302,12,264,288,374.33333333333314,0.12112825600002584,0.010118441112215402,8.353493599555534
Q3p85_W2p62_t0p21_loweps_center,4,0.264,0.302,13,288,312,272.66666666666663,0.0892947367450593,0.00787700071536896,8.82134939023133
Q3p85_W2p62_t0p21_loweps_center,4,0.264,0.302,14,312,336,182.1666666666667,0.0593591683191812,0.005956857585671791,10.035278044397574
Q3p85_W2p62_t0p21_loweps_center,4,0.264,0.302,15,336,360,113.83333333333329,0.035858006354578115,0.004661398427621321,12.999602882345366
Q3p85_W2p62_t0p21_loweps_center,5,0.302,0.35,1,0,24,107.16666666666661,0.0345506861982877,0.004362522848158826,12.626443431896378
Q3p85_W2p62_t0p21_loweps_center,5,0.302,0.35,2,24,48,161.50000000000006,0.05342093150032398,0.006500177415485052,12.167847382903892
Q3p85_W2p62_t0p21_loweps_center,5,0.302,0.35,3,48,72,259.66666666666674,0.08409672158964882,0.007739033946088837,9.202539409147917
Q3p85_W2p62_t0p21_loweps_center,5,0.302,0.35,4,72,96,285.0000000000001,0.09337435380493961,0.008134337042662233,8.711532354649524
Q3p85_W2p62_t0p21_loweps_center,5,0.302,0.35,5,96,120,257.50000000000006,0.08427791036061198,0.007567595194710848,8.979334160434558
Q3p85_W2p62_t0p21_loweps_center,5,0.302,0.35,6,120,144,103.33333333333331,0.03418057536656436,0.0046690116592607,13.659839277685052
Q3p85_W2p62_t0p21_loweps_center,5,0.302,0.35,7,144,168,55.166666666666686,0.017350138594468205,0.003062485676829364,17.65107327618573
Q3p85_W2p62_t0p21_loweps_center,5,0.302,0.35,8,168,192,47.666666666666664,0.015767168636834528,0.002745532508171692,17.4129710375375
Q3p85_W2p62_t0p21_loweps_center,5,0.302,0.35,9,192,216,70.16666666666666,0.02320971327310257,0.0035789733544761885,15.420153245166595
Q3p85_W2p62_t0p21_loweps_center,5,0.302,0.35,10,216,240,100.16666666666661,0.03253452061848952,0.004152690747408753,12.763952467917289
Q3p85_W2p62_t0p21_loweps_center,5,0.302,0.35,11,240,264,279.6666666666667,0.08532504729515308,0.008825845713609655,10.343792348663614
Q3p85_W2p62_t0p21_loweps_center,5,0.302,0.35,12,264,288,343.1666666666668,0.11007072155107482,0.00965244504148829,8.769312043629494
Q3p85_W2p62_t0p21_loweps_center,5,0.302,0.35,13,288,312,276.0,0.08860157944152103,0.008197107779796502,9.251649723927068
Q3p85_W2p62_t0p21_loweps_center,5,0.302,0.35,14,312,336,136.16666666666669,0.043245421030577484,0.005193760555462068,12.009966446597254
Q3p85_W2p62_t0p21_loweps_center,5,0.302,0.35,15,336,360,101.66666666666666,0.03362927576387784,0.004639570045146516,13.79622349800946
Q3p85_W2p62_t0p21_loweps_center,6,0.35,0.408,1,0,24,61.500000000000014,0.02034295533913266,0.003344303355729236,16.43961410708098
Q3p85_W2p62_t0p21_loweps_center,6,0.35,0.408,2,24,48,79.83333333333334,0.026407250968684393,0.003979900123773991,15.07123982156886
Q3p85_W2p62_t0p21_loweps_center,6,0.35,0.408,3,48,72,172.33333333333343,0.05700437891778637,0.006897469960046778,12.099894939640587
Q3p85_W2p62_t0p21_loweps_center,6,0.35,0.408,4,72,96,184.49999999999997,0.05833523125403097,0.006364658074379412,10.910487431966104
Q3p85_W2p62_t0p21_loweps_center,6,0.35,0.408,5,96,120,134.49999999999997,0.04269412142789098,0.0051299920776436145,12.015687186134064
Q3p85_W2p62_t0p21_loweps_center,6,0.35,0.408,6,120,144,58.5,0.019350616054296922,0.0031862794162603103,16.46603605445821
Q3p85_W2p62_t0p21_loweps_center,6,0.35,0.408,7,144,168,22.166666666666664,0.007332284715730741,0.0017598980590162595,24.002042027099147
Q3p85_W2p62_t0p21_loweps_center,6,0.35,0.408,8,168,192,27.166666666666664,0.00898618352379031,0.00196573586697632,21.87509148652671
Q3p85_W2p62_t0p21_loweps_center,6,0.35,0.408,9,192,216,18.833333333333336,0.0062296855103576975,0.0015892267953349737,25.510546121351847
Q3p85_W2p62_t0p21_loweps_center,6,0.35,0.408,10,216,240,49.16666666666668,0.016263338279252398,0.0028549306489894528,17.554395044660474
Q3p85_W2p62_t0p21_loweps_center,6,0.35,0.408,11,240,264,107.66666666666663,0.0329203195701823,0.004799937277713996,14.580469875090628
Q3p85_W2p62_t0p21_loweps_center,6,0.35,0.408,12,264,288,185.16666666666669,0.056759994586194226,0.006689396588823339,11.785407376431298
Q3p85_W2p62_t0p21_loweps_center,6,0.35,0.408,13,288,312,211.49999999999997,0.06726628481755263,0.0069147640735385775,10.279687799457927
Q3p85_W2p62_t0p21_loweps_center,6,0.35,0.408,14,312,336,86.49999999999996,0.027714571124974816,0.003909226002147869,14.10530938588147
Q3p85_W2p62_t0p21_loweps_center,6,0.35,0.408,15,336,360,70.16666666666669,0.022311835018646906,0.0035034014090914454,15.701986887961079
Q3p85_W2p62_t0p21_loweps_center,7,0.408,0.5,1,0,24,17.166666666666668,0.005678385907671177,0.0016606842874623716,29.24571021527229
Q3p85_W2p62_t0p21_loweps_center,7,0.408,0.5,2,24,48,44.83333333333332,0.014829959312267441,0.0028047609520528787,18.912802746078754
Q3p85_W2p62_t0p21_loweps_center,7,0.408,0.5,3,48,72,102.66666666666667,0.03396005552548975,0.004684522836265719,13.79421430200433
Q3p85_W2p62_t0p21_loweps_center,7,0.408,0.5,4,72,96,77.16666666666667,0.0246272933499303,0.003684306217110223,14.96025634957018
Q3p85_W2p62_t0p21_loweps_center,7,0.408,0.5,5,96,120,32.66666666666666,0.009009715703744488,0.0028263717561853347,31.370265712276346
Q3p85_W2p62_t0p21_loweps_center,7,0.408,0.5,6,120,144,12.666666666666668,0.004189876980417567,0.0012535732673869492,29.919094838484185
Q3p85_W2p62_t0p21_loweps_center,7,0.408,0.5,7,144,168,4.666666666666667,0.0006457606330665905,0.0014804022436795362,229.24937939455936
Q3p85_W2p62_t0p21_loweps_center,7,0.408,0.5,8,168,192,-2.1666666666666665,0.002512445992403821,0.0017464119804361713,-69.51042871036066
Q3p85_W2p62_t0p21_loweps_center,7,0.408,0.5,9,192,216,7.666666666666667,0.0025359781723580015,0.000966321071040184,38.10447114935851
Q3p85_W2p62_t0p21_loweps_center,7,0.408,0.5,10,216,240,11.500000000000002,0.003803967258537002,0.0012520373718994543,32.913989180363906
Q3p85_W2p62_t0p21_loweps_center,7,0.408,0.5,11,240,264,28.999999999999996,0.006898978323378471,0.003042492703572601,44.10062709231234
Q3p85_W2p62_t0p21_loweps_center,7,0.408,0.5,12,264,288,76.66666666666667,0.024461903469124333,0.003698724706282223,15.120347077449352
Q3p85_W2p62_t0p21_loweps_center,7,0.408,0.5,13,288,312,96.49999999999997,0.031920246995549614,0.004494093995933809,14.079132898189616
Q3p85_W2p62_t0p21_loweps_center,7,0.408,0.5,14,312,336,36.333333333333336,0.012018331338566179,0.002450051974105241,20.385957959431156
Q3p85_W2p62_t0p21_loweps_center,7,0.408,0.5,15,336,360,29.666666666666668,0.00981313292782009,0.0021704935785921632,22.11825310588472
Q3p85_W2p62_t0p21_loweps_left,1,0.16,0.208,1,0,24,0.0,0.0,0.0,0.0
Q3p85_W2p62_t0p21_loweps_left,1,0.16,0.208,2,24,48,0.0,0.0,0.0,0.0
Q3p85_W2p62_t0p21_loweps_left,1,0.16,0.208,3,48,72,0.0,0.0,0.0,0.0
Q3p85_W2p62_t0p21_loweps_left,1,0.16,0.208,4,72,96,-0.16666666666666666,5.78790440332034e-05,5.8110368180740335e-05,-100.39966822431316
Q3p85_W2p62_t0p21_loweps_left,1,0.16,0.208,5,96,120,3.666666666666667,0.001273338968730475,0.000708578791171614,55.647302766369464
Q3p85_W2p62_t0p21_loweps_left,1,0.16,0.208,6,120,144,18.333333333333332,0.0063666948436523745,0.0016215565823968808,25.469362396308043
Q3p85_W2p62_t0p21_loweps_left,1,0.16,0.208,7,144,168,66.66666666666667,0.023151617613281356,0.0035384381251627253,15.283761956800957
Q3p85_W2p62_t0p21_loweps_left,1,0.16,0.208,8,168,192,65.33333333333334,0.022688585261015734,0.003498091299558166,15.417846724752382
Q3p85_W2p62_t0p21_loweps_left,1,0.16,0.208,9,192,216,51.333333333333336,0.016966674285889487,0.003034740201591882,17.886476456471822
Q3p85_W2p62_t0p21_loweps_left,1,0.16,0.208,10,216,240,12.166666666666666,0.004225170214423848,0.001314353649769435,31.107708874840267
Q3p85_W2p62_t0p21_loweps_left,1,0.16,0.208,11,240,264,0.0,0.0,0.0,0.0
Q3p85_W2p62_t0p21_loweps_left,1,0.16,0.208,12,264,288,0.0,0.0,0.0,0.0
Q3p85_W2p62_t0p21_loweps_left,1,0.16,0.208,13,288,312,0.0,0.0,0.0,0.0
Q3p85_W2p62_t0p21_loweps_left,1,0.16,0.208,14,312,336,0.0,0.0,0.0,0.0
Q3p85_W2p62_t0p21_loweps_left,1,0.16,0.208,15,336,360,0.0,0.0,0.0,0.0
Q3p85_W2p62_t0p21_loweps_left,2,0.208,0.226,1,0,24,0.0,0.0,0.0,0.0
Q3p85_W2p62_t0p21_loweps_left,2,0.208,0.226,2,24,48,0.0,0.0,0.0,0.0
Q3p85_W2p62_t0p21_loweps_left,2,0.208,0.226,3,48,72,0.0,0.0,0.0,0.0
Q3p85_W2p62_t0p21_loweps_left,2,0.208,0.226,4,72,96,0.6666666666666667,0.0002315161761328136,0.0003573914946972916,154.36998859737008
Q3p85_W2p62_t0p21_loweps_left,2,0.208,0.226,5,96,120,4.666666666666667,0.0007605419565925406,0.0014860774933502686,195.39717440551837
Q3p85_W2p62_t0p21_loweps_left,2,0.208,0.226,6,120,144,48.66666666666667,0.016040609581358237,0.002929385856859652,18.2623100574935
Q3p85_W2p62_t0p21_loweps_left,2,0.208,0.226,7,144,168,100.0,0.03472742641992203,0.004675452433706003,13.463285119866649
Q3p85_W2p62_t0p21_loweps_left,2,0.208,0.226,8,168,192,94.33333333333333,0.031899467646455966,0.004144500199329467,12.992380453690492
Q3p85_W2p62_t0p21_loweps_left,2,0.208,0.226,9,192,216,120.66666666666666,0.04190442788003925,0.005380044018904239,12.838843747743823
Q3p85_W2p62_t0p21_loweps_left,2,0.208,0.226,10,216,240,36.5,0.012675510643271543,0.002399807735412783,18.932631615016295
Q3p85_W2p62_t0p21_loweps_left,2,0.208,0.226,11,240,264,9.833333333333332,0.003414863597959001,0.001141377838082586,33.42381929295114
Q3p85_W2p62_t0p21_loweps_left,2,0.208,0.226,12,264,288,1.0,0.0003472742641992204,0.00034866220908444205,100.39966822431316
Q3p85_W2p62_t0p21_loweps_left,2,0.208,0.226,13,288,312,0.0,0.0,0.0,0.0
Q3p85_W2p62_t0p21_loweps_left,2,0.208,0.226,14,312,336,0.0,0.0,0.0,0.0
Q3p85_W2p62_t0p21_loweps_left,2,0.208,0.226,15,336,360,0.0,0.0,0.0,0.0
Q3p85_W2p62_t0p21_loweps_left,3,0.226,0.264,1,0,24,2.0,0.0006945485283984408,0.0004950378925136467,71.27477379516654
Q3p85_W2p62_t0p21_loweps_left,3,0.226,0.264,2,24,48,1.0,0.0003472742641992204,0.00034866220908444205,100.39966822431316
Q3p85_W2p62_t0p21_loweps_left,3,0.226,0.264,3,48,72,-0.16666666666666666,5.78790440332034e-05,5.8110368180740335e-05,-100.39966822431316
Q3p85_W2p62_t0p21_loweps_left,3,0.226,0.264,4,72,96,11.166666666666666,0.003017824673887474,0.0017644968793228731,58.46916471293541
Q3p85_W2p62_t0p21_loweps_left,3,0.226,0.264,5,96,120,85.5,0.02883187831269618,0.003922313969157329,13.60408755412279
Q3p85_W2p62_t0p21_loweps_left,3,0.226,0.264,6,120,144,279.0,0.0970328649243054,0.008248031537537462,8.500245297272926
Q3p85_W2p62_t0p21_loweps_left,3,0.226,0.264,7,144,168,343.6666666666666,0.11762644624379114,0.009885284307210078,8.403964093858587
Q3p85_W2p62_t0p21_loweps_left,3,0.226,0.264,8,168,192,359.8333333333333,0.12066049968600039,0.01050421463613712,8.705595172796944
Q3p85_W2p62_t0p21_loweps_left,3,0.226,0.264,9,192,216,352.3333333333332,0.11977608525718056,0.01017497832857251,8.49499990480155
Q3p85_W2p62_t0p21_loweps_left,3,0.226,0.264,10,216,240,333.5,0.11495589583410289,0.009555643316895124,8.312443000474918
Q3p85_W2p62_t0p21_loweps_left,3,0.226,0.264,11,240,264,87.99999999999999,0.03056013524953139,0.004286518747064969,14.02650450354502
Q3p85_W2p62_t0p21_loweps_left,3,0.226,0.264,12,264,288,3.0,0.001041822792597661,0.0006086801598065511,58.42453861936343
Q3p85_W2p62_t0p21_loweps_left,3,0.226,0.264,13,288,312,1.0,0.0003472742641992204,0.00034866220908444205,100.39966822431316
Q3p85_W2p62_t0p21_loweps_left,3,0.226,0.264,14,312,336,0.0,0.0,0.0,0.0
Q3p85_W2p62_t0p21_loweps_left,3,0.226,0.264,15,336,360,1.0,0.0003472742641992204,0.00034866220908444205,100.39966822431316
Q3p85_W2p62_t0p21_loweps_left,4,0.264,0.302,1,0,24,0.0,0.0,0.0,0.0
Q3p85_W2p62_t0p21_loweps_left,4,0.264,0.302,2,24,48,4.0,0.0013890970567968816,0.0007055865657713241,50.79461959255287
Q3p85_W2p62_t0p21_loweps_left,4,0.264,0.302,3,48,72,8.0,0.0019181228372566086,0.001607774945082106,83.82022849911024
Q3p85_W2p62_t0p21_loweps_left,4,0.264,0.302,4,72,96,24.333333333333332,0.008450340428847696,0.001897450429737181,22.454130052082657
Q3p85_W2p62_t0p21_loweps_left,4,0.264,0.302,5,96,120,191.8333333333334,0.06661877968221712,0.007680219599031134,11.528610454390014
Q3p85_W2p62_t0p21_loweps_left,4,0.264,0.302,6,120,144,307.9999999999999,0.1061004020970228,0.009029919272939408,8.510730491560304
Q3p85_W2p62_t0p21_loweps_left,4,0.264,0.302,7,144,168,430.1666666666666,0.14680559882068664,0.011824719429229875,8.054678788969753
Q3p85_W2p62_t0p21_loweps_left,4,0.264,0.302,8,168,192,445.1666666666666,0.1528747840600121,0.01206491986833943,7.892027414804563
Q3p85_W2p62_t0p21_loweps_left,4,0.264,0.302,9,192,216,454.33333333333326,0.15605813148183817,0.012252819559644789,7.851445767868082
Q3p85_W2p62_t0p21_loweps_left,4,0.264,0.302,10,216,240,418.83333333333326,0.14286982382642874,0.01158096331245371,8.105954779172485
Q3p85_W2p62_t0p21_loweps_left,4,0.264,0.302,11,240,264,183.00000000000009,0.06269111907212016,0.006237548239605931,9.949652090960805
Q3p85_W2p62_t0p21_loweps_left,4,0.264,0.302,12,264,288,19.833333333333336,0.006887606239951206,0.001671913340262795,24.27422942044723
Q3p85_W2p62_t0p21_loweps_left,4,0.264,0.302,13,288,312,3.8333333333333335,0.0013312180127636785,0.0007070652879301136,53.114161703852616
Q3p85_W2p62_t0p21_loweps_left,4,0.264,0.302,14,312,336,0.0,0.0,0.0,0.0
Q3p85_W2p62_t0p21_loweps_left,4,0.264,0.302,15,336,360,1.0,0.0003472742641992204,0.00034866220908444205,100.39966822431316
Q3p85_W2p62_t0p21_loweps_left,5,0.302,0.35,1,0,24,0.0,0.0,0.0,0.0
Q3p85_W2p62_t0p21_loweps_left,5,0.302,0.35,2,24,48,1.0,0.0003472742641992204,0.00034866220908444205,100.39966822431316
Q3p85_W2p62_t0p21_loweps_left,5,0.302,0.35,3,48,72,1.8333333333333335,0.0006366694843652375,0.0004977905003801952,78.1866435575273
Q3p85_W2p62_t0p21_loweps_left,5,0.302,0.35,4,72,96,35.333333333333336,0.012270357335039117,0.0023581514266087012,19.21827834528328
Q3p85_W2p62_t0p21_loweps_left,5,0.302,0.35,5,96,120,230.66666666666674,0.07752438311294206,0.007558948656135591,9.750414453634894
Q3p85_W2p62_t0p21_loweps_left,5,0.302,0.35,6,120,144,436.8333333333331,0.1484040345184005,0.012044230988136784,8.115837973827746
Q3p85_W2p62_t0p21_loweps_left,5,0.302,0.35,7,144,168,544.8333333333334,0.18676972632825342,0.01425037284651639,7.629915793457304
Q3p85_W2p62_t0p21_loweps_left,5,0.302,0.35,8,168,192,575.8333333333336,0.19653181202936917,0.014976117823242291,7.620200347516412
Q3p85_W2p62_t0p21_loweps_left,5,0.302,0.35,9,192,216,630.0000000000002,0.21806606038189455,0.015916428537682676,7.298902227063013
Q3p85_W2p62_t0p21_loweps_left,5,0.302,0.35,10,216,240,520.3333333333333,0.17897823291898673,0.013683191984303292,7.645171013894688
Q3p85_W2p62_t0p21_loweps_left,5,0.302,0.35,11,240,264,242.50000000000006,0.08335393779197384,0.007569367352013999,9.080995514458893
Q3p85_W2p62_t0p21_loweps_left,5,0.302,0.35,12,264,288,22.833333333333336,0.007929429032548866,0.0018112786668666632,22.842485372297215
Q3p85_W2p62_t0p21_loweps_left,5,0.302,0.35,13,288,312,2.833333333333333,0.000983943748564458,0.0006106573755910073,62.0622242360843
Q3p85_W2p62_t0p21_loweps_left,5,0.302,0.35,14,312,336,2.0,0.0006945485283984408,0.0004950378925136467,71.27477379516654
Q3p85_W2p62_t0p21_loweps_left,5,0.302,0.35,15,336,360,0.8333333333333334,0.000289395220166017,0.0003530158312468436,121.9839882097325
Q3p85_W2p62_t0p21_loweps_left,6,0.35,0.408,1,0,24,1.0,0.0003472742641992204,0.00034866220908444205,100.39966822431316
Q3p85_W2p62_t0p21_loweps_left,6,0.35,0.408,2,24,48,0.8333333333333334,0.000289395220166017,0.0003530158312468436,121.9839882097325
Q3p85_W2p62_t0p21_loweps_left,6,0.35,0.408,3,48,72,3.5,0.0012154599246972716,0.0007101268531076432,58.42453861936344
Q3p85_W2p62_t0p21_loweps_left,6,0.35,0.408,4,72,96,31.666666666666657,0.010997018366308646,0.0022305123031733736,20.282882403897325
Q3p85_W2p62_t0p21_loweps_left,6,0.35,0.408,5,96,120,157.83333333333334,0.053091312146769286,0.005854487128055822,11.02720368234877
Q3p85_W2p62_t0p21_loweps_left,6,0.35,0.408,6,120,144,377.4999999999999,0.12693902356624281,0.010907820868131211,8.592961062473426
Q3p85_W2p62_t0p21_loweps_left,6,0.35,0.408,7,144,168,483.99999999999983,0.16120017366172548,0.013383899805143838,8.302658428414361
Q3p85_W2p62_t0p21_loweps_left,6,0.35,0.408,8,168,192,448.8333333333332,0.1541481230287424,0.012156279605254732,7.8861029031070835
Q3p85_W2p62_t0p21_loweps_left,6,0.35,0.408,9,192,216,572.4999999999999,0.19451415987236792,0.014988768704982221,7.705746828311742
Q3p85_W2p62_t0p21_loweps_left,6,0.35,0.408,10,216,240,447.1666666666665,0.15012904748306174,0.012476859555070764,8.310756488665833
Q3p85_W2p62_t0p21_loweps_left,6,0.35,0.408,11,240,264,209.66666666666674,0.07023162356475843,0.007116178201624095,10.1324415418967
Q3p85_W2p62_t0p21_loweps_left,6,0.35,0.408,12,264,288,21.333333333333336,0.007408517636250035,0.0017624382679672598,23.78935104836103
Q3p85_W2p62_t0p21_loweps_left,6,0.35,0.408,13,288,312,1.0,0.0003472742641992204,0.00034866220908444205,100.39966822431316
Q3p85_W2p62_t0p21_loweps_left,6,0.35,0.408,14,312,336,0.8333333333333334,0.000289395220166017,0.0003530158312468436,121.9839882097325
Q3p85_W2p62_t0p21_loweps_left,6,0.35,0.408,15,336,360,0.0,0.0,0.0,0.0
Q3p85_W2p62_t0p21_loweps_left,7,0.408,0.5,1,0,24,1.0,0.0003472742641992204,0.00034866220908444205,100.39966822431316
Q3p85_W2p62_t0p21_loweps_left,7,0.408,0.5,2,24,48,0.0,0.0,0.0,0.0
Q3p85_W2p62_t0p21_loweps_left,7,0.408,0.5,3,48,72,1.0,0.0003472742641992204,0.00034866220908444205,100.39966822431316
Q3p85_W2p62_t0p21_loweps_left,7,0.408,0.5,4,72,96,13.666666666666668,0.004746081610722679,0.0014199308975906928,29.91796210125603
Q3p85_W2p62_t0p21_loweps_left,7,0.408,0.5,5,96,120,94.50000000000003,0.03210069190321203,0.004199704928764809,13.0829109273641
Q3p85_W2p62_t0p21_loweps_left,7,0.408,0.5,6,120,144,283.66666666666674,0.09765006166817498,0.008520866243268128,8.725919981723015
Q3p85_W2p62_t0p21_loweps_left,7,0.408,0.5,7,144,168,253.33333333333331,0.07937543416709765,0.008855936446095988,11.157024259486711
Q3p85_W2p62_t0p21_loweps_left,7,0.408,0.5,8,168,192,177.33333333333331,0.060723231574991265,0.006139983679514993,10.111424442113737
Q3p85_W2p62_t0p21_loweps_left,7,0.408,0.5,9,192,216,190.0,0.059961611263491796,0.00726790241397549,12.120925807076539
Q3p85_W2p62_t0p21_loweps_left,7,0.408,0.5,10,216,240,288.8333333333335,0.09872758596959004,0.008730030916069087,8.842544695418868
Q3p85_W2p62_t0p21_loweps_left,7,0.408,0.5,11,240,264,105.16666666666661,0.036521676784951315,0.004889325524834147,13.387461790496937
Q3p85_W2p62_t0p21_loweps_left,7,0.408,0.5,12,264,288,13.666666666666668,0.00474608161072268,0.0013694905756990133,28.855183876420586
Q3p85_W2p62_t0p21_loweps_left,7,0.408,0.5,13,288,312,1.0,0.0003472742641992204,0.00034866220908444205,100.39966822431316
Q3p85_W2p62_t0p21_loweps_left,7,0.408,0.5,14,312,336,1.0,0.0003472742641992204,0.00034866220908444205,100.39966822431316
Q3p85_W2p62_t0p21_loweps_left,7,0.408,0.5,15,336,360,0.0,0.0,0.0,0.0
Q3p85_W2p62_t0p21_higheps_right,1,0.16,0.208,1,0,24,181.33333333333334,0.409319596878804,0.04719523663043007,11.530167866456727
Q3p85_W2p62_t0p21_higheps_right,1,0.16,0.208,2,24,48,173.16666666666669,0.39063935274223877,0.04560476378407089,11.674390576354181
Q3p85_W2p62_t0p21_higheps_right,1,0.16,0.208,3,48,72,135.66666666666669,0.310320790350288,0.04222225555807988,13.60600284319323
Q3p85_W2p62_t0p21_higheps_right,1,0.16,0.208,4,72,96,118.83333333333333,0.2609004759658741,0.03584998359975536,13.740865541557904
Q3p85_W2p62_t0p21_higheps_right,1,0.16,0.208,5,96,120,44.0,0.10064458065414747,0.018516269182920153,18.397681288522627
Q3p85_W2p62_t0p21_higheps_right,1,0.16,0.208,6,120,144,6.0,0.013724260998292838,0.0057868043649946695,42.16477933285071
Q3p85_W2p62_t0p21_higheps_right,1,0.16,0.208,7,144,168,4.0,0.009149507332195226,0.004675391039513952,51.09992122813233
Q3p85_W2p62_t0p21_higheps_right,1,0.16,0.208,8,168,192,2.0,0.004574753666097613,0.0032706135692649823,71.49267060000857
Q3p85_W2p62_t0p21_higheps_right,1,0.16,0.208,9,192,216,2.0,0.004574753666097613,0.0032706135692649823,71.49267060000857
Q3p85_W2p62_t0p21_higheps_right,1,0.16,0.208,10,216,240,7.0,0.016011637831341644,0.0062829580713976586,39.23994620399928
Q3p85_W2p62_t0p21_higheps_right,1,0.16,0.208,11,240,264,31.0,0.07090868182451297,0.01476846891091723,20.82744810778841
Q3p85_W2p62_t0p21_higheps_right,1,0.16,0.208,12,264,288,116.83333333333333,0.26724185999453554,0.03750312824756069,14.033403392839558
Q3p85_W2p62_t0p21_higheps_right,1,0.16,0.208,13,288,312,139.66666666666666,0.30855415998772423,0.03992658265511399,12.93989446024726
Q3p85_W2p62_t0p21_higheps_right,1,0.16,0.208,14,312,336,193.33333333333334,0.4367681188753897,0.04954353694004489,11.343212748130938
Q3p85_W2p62_t0p21_higheps_right,1,0.16,0.208,15,336,360,180.33333333333334,0.4070322200457551,0.04699927850012253,11.546820174294622
Q3p85_W2p62_t0p21_higheps_right,2,0.208,0.226,1,0,24,129.99999999999997,0.29735898829634483,0.0408601289593359,13.741010215778351
Q3p85_W2p62_t0p21_higheps_right,2,0.208,0.226,2,24,48,104.16666666666666,0.23281035126187113,0.03190312714393347,13.703483101594571
Q3p85_W2p62_t0p21_higheps_right,2,0.208,0.226,3,48,72,84.83333333333333,0.18858773248959415,0.027897827721487602,14.79302357221297
Q3p85_W2p62_t0p21_higheps_right,2,0.208,0.226,4,72,96,44.0,0.10064458065414747,0.018516269182920153,18.397681288522627
Q3p85_W2p62_t0p21_higheps_right,2,0.208,0.226,5,96,120,7.0,0.016011637831341647,0.0062829580713976586,39.239946203999274
Q3p85_W2p62_t0p21_higheps_right,2,0.208,0.226,6,120,144,0.0,0.0,0.0,0.0
Q3p85_W2p62_t0p21_higheps_right,2,0.208,0.226,7,144,168,2.0,0.004574753666097613,0.0032706135692649823,71.49267060000857
Q3p85_W2p62_t0p21_higheps_right,2,0.208,0.226,8,168,192,0.0,0.0,0.0,0.0
Q3p85_W2p62_t0p21_higheps_right,2,0.208,0.226,9,192,216,0.0,0.0,0.0,0.0
Q3p85_W2p62_t0p21_higheps_right,2,0.208,0.226,10,216,240,2.0,0.004574753666097613,0.0032706135692649823,71.49267060000857
Q3p85_W2p62_t0p21_higheps_right,2,0.208,0.226,11,240,264,8.0,0.01829901466439045,0.00675132455733853,36.89447044641417
Q3p85_W2p62_t0p21_higheps_right,2,0.208,0.226,12,264,288,51.0,0.1166562184854891,0.02044915235056727,17.529414733352553
Q3p85_W2p62_t0p21_higheps_right,2,0.208,0.226,13,288,312,81.33333333333333,0.18058191357392336,0.027232746890348127,15.080550621809685
Q3p85_W2p62_t0p21_higheps_right,2,0.208,0.226,14,312,336,104.66666666666667,0.22849597083101605,0.033089334124904564,14.481364377919705
Q3p85_W2p62_t0p21_higheps_right,2,0.208,0.226,15,336,360,108.33333333333334,0.2477991569136206,0.03540774776355036,14.288889520271052
Q3p85_W2p62_t0p21_higheps_right,3,0.226,0.264,1,0,24,279.5,0.6393218248371414,0.07756745462457498,12.132771260285732
Q3p85_W2p62_t0p21_higheps_right,3,0.226,0.264,2,24,48,244.6666666666667,0.548728727457849,0.06027055738434117,10.983670868402076
Q3p85_W2p62_t0p21_higheps_right,3,0.226,0.264,3,48,72,166.50000000000003,0.36993210500786716,0.04514680013415089,12.204077322023938
Q3p85_W2p62_t0p21_higheps_right,3,0.226,0.264,4,72,96,81.83333333333333,0.18718367083782728,0.028614739110450788,15.286984693895711
Q3p85_W2p62_t0p21_higheps_right,3,0.226,0.264,5,96,120,3.833333333333333,0.008768277860020424,0.004682804457897569,53.406205102704874
Q3p85_W2p62_t0p21_higheps_right,3,0.226,0.264,6,120,144,1.0,0.0022873768330488064,0.002300059709670436,100.55447254857104
Q3p85_W2p62_t0p21_higheps_right,3,0.226,0.264,7,144,168,2.0,0.004574753666097613,0.0032706135692649823,71.49267060000857
Q3p85_W2p62_t0p21_higheps_right,3,0.226,0.264,8,168,192,0.0,0.0,0.0,0.0
Q3p85_W2p62_t0p21_higheps_right,3,0.226,0.264,9,192,216,2.0,0.004574753666097613,0.0032706135692649823,71.49267060000857
Q3p85_W2p62_t0p21_higheps_right,3,0.226,0.264,10,216,240,5.0,0.011436884165244032,0.005254998684477808,45.9478176796388
Q3p85_W2p62_t0p21_higheps_right,3,0.226,0.264,11,240,264,9.0,0.015128322650059754,0.010779602999045783,71.2544493424273
Q3p85_W2p62_t0p21_higheps_right,3,0.226,0.264,12,264,288,86.49999999999999,0.19240002721134217,0.028276318108536556,14.696628954982621
Q3p85_W2p62_t0p21_higheps_right,3,0.226,0.264,13,288,312,216.16666666666666,0.4889965565633373,0.054007063522223536,11.04446704119649
Q3p85_W2p62_t0p21_higheps_right,3,0.226,0.264,14,312,336,249.6666666666667,0.560165611623093,0.061231685089547024,10.930996801486401
Q3p85_W2p62_t0p21_higheps_right,3,0.226,0.264,15,336,360,286.16666666666663,0.6491129348767538,0.06762433199977014,10.417960938123946
Q3p85_W2p62_t0p21_higheps_right,4,0.264,0.302,1,0,24,218.0000000000001,0.48773201190988086,0.05517697528729074,11.312969815375968
Q3p85_W2p62_t0p21_higheps_right,4,0.264,0.302,2,24,48,264.3333333333333,0.599171874021855,0.06339626296797603,10.58064734287972
Q3p85_W2p62_t0p21_higheps_right,4,0.264,0.302,3,48,72,191.66666666666674,0.4274977553062622,0.05006474099208643,11.711112016534383
Q3p85_W2p62_t0p21_higheps_right,4,0.264,0.302,4,72,96,57.33333333333334,0.13114293842813152,0.02225518068407469,16.970170831021065
Q3p85_W2p62_t0p21_higheps_right,4,0.264,0.302,5,96,120,1.8333333333333335,0.0041935241939228115,0.0032871077356523416,78.3853289893013
Q3p85_W2p62_t0p21_higheps_right,4,0.264,0.302,6,120,144,1.0,0.0022873768330488064,0.002300059709670436,100.55447254857104
Q3p85_W2p62_t0p21_higheps_right,4,0.264,0.302,7,144,168,0.0,0.0,0.0,0.0
Q3p85_W2p62_t0p21_higheps_right,4,0.264,0.302,8,168,192,0.0,0.0,0.0,0.0
Q3p85_W2p62_t0p21_higheps_right,4,0.264,0.302,9,192,216,0.0,0.0,0.0,0.0
Q3p85_W2p62_t0p21_higheps_right,4,0.264,0.302,10,216,240,0.0,0.0,0.0,0.0
Q3p85_W2p62_t0p21_higheps_right,4,0.264,0.302,11,240,264,8.0,0.01829901466439045,0.00675132455733853,36.89447044641417
Q3p85_W2p62_t0p21_higheps_right,4,0.264,0.302,12,264,288,70.83333333333334,0.16202252567429037,0.025759337796671878,15.89861513975853
Q3p85_W2p62_t0p21_higheps_right,4,0.264,0.302,13,288,312,212.1666666666667,0.47984704923114213,0.05322811158392502,11.092724581554124
Q3p85_W2p62_t0p21_higheps_right,4,0.264,0.302,14,312,336,285.83333333333326,0.6483504759324044,0.06757501315815147,10.422605622517764
Q3p85_W2p62_t0p21_higheps_right,4,0.264,0.302,15,336,360,267.0,0.5998134767292722,0.06459335769329867,10.768907368590702
Q3p85_W2p62_t0p21_higheps_right,5,0.302,0.35,1,0,24,270.33333333333326,0.612896135020148,0.0646985184728714,10.55619619313549
Q3p85_W2p62_t0p21_higheps_right,5,0.302,0.35,2,24,48,305.66666666666663,0.6991748519685851,0.08396175466275577,12.00869202122394
Q3p85_W2p62_t0p21_higheps_right,5,0.302,0.35,3,48,72,238.33333333333343,0.5451581452099655,0.06754293959602088,12.389604776061262
Q3p85_W2p62_t0p21_higheps_right,5,0.302,0.35,4,72,96,58.833333333333336,0.12365786598294573,0.0239765884943259,19.389456791719688
Q3p85_W2p62_t0p21_higheps_right,5,0.302,0.35,5,96,120,4.0,0.009149507332195226,0.004675391039513952,51.09992122813233
Q3p85_W2p62_t0p21_higheps_right,5,0.302,0.35,6,120,144,0.0,0.0,0.0,0.0
Q3p85_W2p62_t0p21_higheps_right,5,0.302,0.35,7,144,168,0.0,0.0,0.0,0.0
Q3p85_W2p62_t0p21_higheps_right,5,0.302,0.35,8,168,192,0.0,0.0,0.0,0.0
Q3p85_W2p62_t0p21_higheps_right,5,0.302,0.35,9,192,216,0.0,0.0,0.0,0.0
Q3p85_W2p62_t0p21_higheps_right,5,0.302,0.35,10,216,240,0.0,0.0,0.0,0.0
Q3p85_W2p62_t0p21_higheps_right,5,0.302,0.35,11,240,264,-1.0,0.007745445680428308,0.007761574701382936,-100.20823877179055
Q3p85_W2p62_t0p21_higheps_right,5,0.302,0.35,12,264,288,67.83333333333333,0.15516039517514396,0.024972856033195403,16.094864933159148
Q3p85_W2p62_t0p21_higheps_right,5,0.302,0.35,13,288,312,201.1666666666667,0.45468590406760534,0.0511431953234342,11.248027454976905
Q3p85_W2p62_t0p21_higheps_right,5,0.302,0.35,14,312,336,268.8333333333333,0.6094650697705746,0.06429049370466511,10.548675698324509
Q3p85_W2p62_t0p21_higheps_right,5,0.302,0.35,15,336,360,277.49999999999994,0.6074567269341461,0.06857105423485611,11.28822041051985
Q3p85_W2p62_t0p21_higheps_right,6,0.35,0.408,1,0,24,253.1666666666668,0.5681714305387637,0.06202746906595531,10.917034143574993
Q3p85_W2p62_t0p21_higheps_right,6,0.35,0.408,2,24,48,311.8333333333331,0.702364204744294,0.07328319838318834,10.433788893024264
Q3p85_W2p62_t0p21_higheps_right,6,0.35,0.408,3,48,72,185.00000000000006,0.4177066452666496,0.04799824452955115,11.490897995867583
Q3p85_W2p62_t0p21_higheps_right,6,0.35,0.408,4,72,96,57.50000000000001,0.12606609905292684,0.022222383947386345,17.62756531242918
Q3p85_W2p62_t0p21_higheps_right,6,0.35,0.408,5,96,120,3.8333333333333335,0.008768277860020424,0.004682804457897569,53.406205102704874
Q3p85_W2p62_t0p21_higheps_right,6,0.35,0.408,6,120,144,0.0,0.0,0.0,0.0
Q3p85_W2p62_t0p21_higheps_right,6,0.35,0.408,7,144,168,0.0,0.0,0.0,0.0
Q3p85_W2p62_t0p21_higheps_right,6,0.35,0.408,8,168,192,0.0,0.0,0.0,0.0
Q3p85_W2p62_t0p21_higheps_right,6,0.35,0.408,9,192,216,0.0,0.0,0.0,0.0
Q3p85_W2p62_t0p21_higheps_right,6,0.35,0.408,10,216,240,0.0,0.0,0.0,0.0
Q3p85_W2p62_t0p21_higheps_right,6,0.35,0.408,11,240,264,0.0,0.0,0.0,0.0
Q3p85_W2p62_t0p21_higheps_right,6,0.35,0.408,12,264,288,42.833333333333336,0.08705983665416483,0.02072862615268126,23.809631340136022
Q3p85_W2p62_t0p21_higheps_right,6,0.35,0.408,13,288,312,234.66666666666674,0.5313130279747402,0.057630586805248206,10.84682358061585
Q3p85_W2p62_t0p21_higheps_right,6,0.35,0.408,14,312,336,273.1666666666667,0.61391896719974,0.0659082975705246,10.735667260966247
Q3p85_W2p62_t0p21_higheps_right,6,0.35,0.408,15,336,360,226.83333333333343,0.4861048985456272,0.05986812517824707,12.315886006778777
Q3p85_W2p62_t0p21_higheps_right,7,0.408,0.5,1,0,24,212.83333333333337,0.4649977605777028,0.05585638868507828,12.012184449164561
Q3p85_W2p62_t0p21_higheps_right,7,0.408,0.5,2,24,48,279.1666666666667,0.6167270905032737,0.0683461232190926,11.082069244488588
Q3p85_W2p62_t0p21_higheps_right,7,0.408,0.5,3,48,72,241.83333333333343,0.5422478264308771,0.059819422197491694,11.03174955835755
Q3p85_W2p62_t0p21_higheps_right,7,0.408,0.5,4,72,96,47.666666666666664,0.10903162904199307,0.019586394452275856,17.963956536623186
Q3p85_W2p62_t0p21_higheps_right,7,0.408,0.5,5,96,120,0.0,0.0,0.0,0.0
Q3p85_W2p62_t0p21_higheps_right,7,0.408,0.5,6,120,144,0.0,0.0,0.0,0.0
Q3p85_W2p62_t0p21_higheps_right,7,0.408,0.5,7,144,168,0.0,0.0,0.0,0.0
Q3p85_W2p62_t0p21_higheps_right,7,0.408,0.5,8,168,192,0.0,0.0,0.0,0.0
Q3p85_W2p62_t0p21_higheps_right,7,0.408,0.5,9,192,216,0.0,0.0,0.0,0.0
Q3p85_W2p62_t0p21_higheps_right,7,0.408,0.5,10,216,240,0.0,0.0,0.0,0.0
Q3p85_W2p62_t0p21_higheps_right,7,0.408,0.5,11,240,264,0.0,0.0,0.0,0.0
Q3p85_W2p62_t0p21_higheps_right,7,0.408,0.5,12,264,288,32.666666666666664,0.07472097654626099,0.015330892880689548,20.517522105988455
Q3p85_W2p62_t0p21_higheps_right,7,0.408,0.5,13,288,312,263.16666666666674,0.5864968081631022,0.06455233284846623,11.006425260973373
Q3p85_W2p62_t0p21_higheps_right,7,0.408,0.5,14,312,336,275.0,0.618112491393663,0.06640513371806704,10.743211736158717
Q3p85_W2p62_t0p21_higheps_right,7,0.408,0.5,15,336,360,184.1666666666668,0.4048843602110167,0.04977205100166251,12.292905306523181
Q3p85_W2p62_t0p21_higheps_center,1,0.16,0.208,1,0,24,51.83333333333333,0.12861922880330956,0.022707765780153436,17.655031826445793
Q3p85_W2p62_t0p21_higheps_center,1,0.16,0.208,2,24,48,50.83333333333333,0.12613782889070552,0.022405862581319793,17.763000028115098
Q3p85_W2p62_t0p21_higheps_center,1,0.16,0.208,3,48,72,91.0,0.2258073920469679,0.034091717935201944,15.097697921293415
Q3p85_W2p62_t0p21_higheps_center,1,0.16,0.208,4,72,96,131.66666666666669,0.3230822844712169,0.04102882639633127,12.699187906103374
Q3p85_W2p62_t0p21_higheps_center,1,0.16,0.208,5,96,120,149.0,0.3624578456013715,0.04556269213493574,12.570480315949695
Q3p85_W2p62_t0p21_higheps_center,1,0.16,0.208,6,120,144,147.0,0.3574950457761634,0.045116160835061155,12.620080017363236
Q3p85_W2p62_t0p21_higheps_center,1,0.16,0.208,7,144,168,143.0,0.3548401875023781,0.048650704539519016,13.710595995892646
Q3p85_W2p62_t0p21_higheps_center,1,0.16,0.208,8,168,192,136.0,0.33019964673751895,0.04265539949168751,12.918063333240019
Q3p85_W2p62_t0p21_higheps_center,1,0.16,0.208,9,192,216,139.0,0.3376438464753311,0.04332737031194592,12.832270087028375
Q3p85_W2p62_t0p21_higheps_center,1,0.16,0.208,10,216,240,134.0,0.3288722176006263,0.04152910553001478,12.627732993988147
Q3p85_W2p62_t0p21_higheps_center,1,0.16,0.208,11,240,264,143.83333333333334,0.3460019086979352,0.04507128269056638,13.026310421285647
Q3p85_W2p62_t0p21_higheps_center,1,0.16,0.208,12,264,288,143.0,0.3439340754374318,0.044873516602784165,13.047127286155606
Q3p85_W2p62_t0p21_higheps_center,1,0.16,0.208,13,288,312,91.66666666666667,0.22382628796705517,0.031840238847712046,14.225424161257855
Q3p85_W2p62_t0p21_higheps_center,1,0.16,0.208,14,312,336,59.0,0.14640259484363852,0.024825576462733097,16.95706041907755
Q3p85_W2p62_t0p21_higheps_center,1,0.16,0.208,15,336,360,46.833333333333336,0.11621222924028934,0.021189540746021633,18.233486169694334
Q3p85_W2p62_t0p21_higheps_center,2,0.208,0.226,1,0,24,39.0,0.09677459659155767,0.01872683788460013,19.350985221501613
Q3p85_W2p62_t0p21_higheps_center,2,0.208,0.226,2,24,48,43.0,0.1030648255536584,0.019985239539456027,19.39094102386188
Q3p85_W2p62_t0p21_higheps_center,2,0.208,0.226,3,48,72,56.0,0.1389583951058264,0.023932403889120137,17.222711784267485
Q3p85_W2p62_t0p21_higheps_center,2,0.208,0.226,4,72,96,95.0,0.23573299169738407,0.035227180667113216,14.94367861429221
Q3p85_W2p62_t0p21_higheps_center,2,0.208,0.226,5,96,120,74.83333333333333,0.18569142679320255,0.029479230890215466,15.875386063485506
Q3p85_W2p62_t0p21_higheps_center,2,0.208,0.226,6,120,144,80.0,0.194876622320008,0.029058966771350937,14.911468818272642
Q3p85_W2p62_t0p21_higheps_center,2,0.208,0.226,7,144,168,64.83333333333334,0.1608774276671621,0.02656936431672197,16.51528415266006
Q3p85_W2p62_t0p21_higheps_center,2,0.208,0.226,8,168,192,54.66666666666667,0.135649861889021,0.023584300120172562,17.38615859370911
Q3p85_W2p62_t0p21_higheps_center,2,0.208,0.226,9,192,216,63.833333333333336,0.15839602775455805,0.026275868995210967,16.58871713369393
Q3p85_W2p62_t0p21_higheps_center,2,0.208,0.226,10,216,240,74.66666666666666,0.1816424894527864,0.027834167005488783,15.323599169633493
Q3p85_W2p62_t0p21_higheps_center,2,0.208,0.226,11,240,264,105.66666666666667,0.2585658867435117,0.0350863868204076,13.569611700251883
Q3p85_W2p62_t0p21_higheps_center,2,0.208,0.226,12,264,288,106.0,0.2593930200477131,0.03512914873988554,13.542827302532597
Q3p85_W2p62_t0p21_higheps_center,2,0.208,0.226,13,288,312,65.83333333333333,0.16335882757976616,0.026862358874876733,16.443775505036704
Q3p85_W2p62_t0p21_higheps_center,2,0.208,0.226,14,312,336,43.833333333333336,0.10876802950247721,0.020267055727190415,18.633283897754925
Q3p85_W2p62_t0p21_higheps_center,2,0.208,0.226,15,336,360,36.0,0.08933039685374554,0.01777266692330394,19.89543039017491
Q3p85_W2p62_t0p21_higheps_center,3,0.226,0.264,1,0,24,65.83333333333334,0.16335882757976614,0.02686235887487674,16.44377550503671
Q3p85_W2p62_t0p21_higheps_center,3,0.226,0.264,2,24,48,94.66666666666667,0.23490585839318273,0.03516675781190501,14.970575043319393
Q3p85_W2p62_t0p21_higheps_center,3,0.226,0.264,3,48,72,169.83333333333334,0.41778904780227116,0.04960990511097925,11.87439100472982
Q3p85_W2p62_t0p21_higheps_center,3,0.226,0.264,4,72,96,230.33333333333337,0.5642783718265,0.06360555867275834,11.272017828164305
Q3p85_W2p62_t0p21_higheps_center,3,0.226,0.264,5,96,120,215.0,0.5225948691449225,0.06072643732455581,11.620174806522176
Q3p85_W2p62_t0p21_higheps_center,3,0.226,0.264,6,120,144,168.83333333333334,0.41894301857798255,0.05579160260284631,13.317229343555988
Q3p85_W2p62_t0p21_higheps_center,3,0.226,0.264,7,144,168,96.83333333333333,0.24028222487049147,0.035763163228705847,14.8838155831051
Q3p85_W2p62_t0p21_higheps_center,3,0.226,0.264,8,168,192,64.83333333333334,0.15724205697884666,0.02544906367924794,16.184641798899598
Q3p85_W2p62_t0p21_higheps_center,3,0.226,0.264,9,192,216,81.0,0.1937226515442966,0.030166622868008957,15.572067916441387
Q3p85_W2p62_t0p21_higheps_center,3,0.226,0.264,10,216,240,162.0,0.39471604446522407,0.04845933704705724,12.277012228553248
Q3p85_W2p62_t0p21_higheps_center,3,0.226,0.264,11,240,264,196.66666666666669,0.47346716672553335,0.057280799595179364,12.098156666560318
Q3p85_W2p62_t0p21_higheps_center,3,0.226,0.264,12,264,288,199.33333333333334,0.48371960384745954,0.05733043975132032,11.85199840885494
Q3p85_W2p62_t0p21_higheps_center,3,0.226,0.264,13,288,312,142.33333333333334,0.34955055020566,0.04347055281882063,12.43612770549052
Q3p85_W2p62_t0p21_higheps_center,3,0.226,0.264,14,312,336,100.0,0.24450462057208883,0.03374176058770463,13.800050284839644
Q3p85_W2p62_t0p21_higheps_center,3,0.226,0.264,15,336,360,82.0,0.2034747928335315,0.031522283918582465,15.491984770994085
Q3p85_W2p62_t0p21_higheps_center,4,0.264,0.302,1,0,24,78.0,0.1899138224947999,0.0285846378802866,15.051373041090407
Q3p85_W2p62_t0p21_higheps_center,4,0.264,0.302,2,24,48,97.83333333333333,0.2391282540947801,0.03325703225314837,13.907613041814255
Q3p85_W2p62_t0p21_higheps_center,4,0.264,0.302,3,48,72,170.83333333333334,0.41299970633824434,0.051031874478030516,12.35639485812024
Q3p85_W2p62_t0p21_higheps_center,4,0.264,0.302,4,72,96,223.66666666666669,0.544100335054157,0.0626452984440792,11.513556307191726
Q3p85_W2p62_t0p21_higheps_center,4,0.264,0.302,5,96,120,194.50000000000003,0.47536154162485544,0.055697512885493676,11.716874001862122
Q3p85_W2p62_t0p21_higheps_center,4,0.264,0.302,6,120,144,86.0,0.2061296511073168,0.0313203292817512,15.194480325125554
Q3p85_W2p62_t0p21_higheps_center,4,0.264,0.302,7,144,168,19.833333333333332,0.038308319535033844,0.016730957796193085,43.674475934378265
Q3p85_W2p62_t0p21_higheps_center,4,0.264,0.302,8,168,192,23.0,0.057072197989892985,0.013419043814759906,23.512400586247452
Q3p85_W2p62_t0p21_higheps_center,4,0.264,0.302,9,192,216,34.0,0.08073222634022201,0.017623984438718154,21.8301727050696
Q3p85_W2p62_t0p21_higheps_center,4,0.264,0.302,10,216,240,106.83333333333333,0.2650962239965319,0.03858261138868671,14.554191231781358
Q3p85_W2p62_t0p21_higheps_center,4,0.264,0.302,11,240,264,214.0,0.5201134692323187,0.060507148831409584,11.63345162368462
Q3p85_W2p62_t0p21_higheps_center,4,0.264,0.302,12,264,288,208.33333333333334,0.5024168323725805,0.059846396756514805,11.911702176437856
Q3p85_W2p62_t0p21_higheps_center,4,0.264,0.302,13,288,312,158.33333333333337,0.38925294880732464,0.04707037471572772,12.092490207190947
Q3p85_W2p62_t0p21_higheps_center,4,0.264,0.302,14,312,336,88.66666666666667,0.22001745891755847,0.033463417624701286,15.209437373440524
Q3p85_W2p62_t0p21_higheps_center,4,0.264,0.302,15,336,360,63.666666666666664,0.1579824611024574,0.02624971838601104,16.615590238834894
Q3p85_W2p62_t0p21_higheps_center,5,0.302,0.35,1,0,24,53.66666666666667,0.1295330912881015,0.02273556494683553,17.55193574147639
Q3p85_W2p62_t0p21_higheps_center,5,0.302,0.35,2,24,48,79.66666666666667,0.19404948901580665,0.029021284937813627,14.955610079163694
Q3p85_W2p62_t0p21_higheps_center,5,0.302,0.35,3,48,72,168.16666666666666,0.4063826399046336,0.05049176249783456,12.424684900340118
Q3p85_W2p62_t0p21_higheps_center,5,0.302,0.35,4,72,96,272.1666666666667,0.6680836015037684,0.07279746920930841,10.896461018568763
Q3p85_W2p62_t0p21_higheps_center,5,0.302,0.35,5,96,120,185.83333333333334,0.450220705027305,0.05433302041995701,12.068085677370572
Q3p85_W2p62_t0p21_higheps_center,5,0.302,0.35,6,120,144,45.0,0.10075688400223559,0.022746450921135745,22.575579967946453
Q3p85_W2p62_t0p21_higheps_center,5,0.302,0.35,7,144,168,17.833333333333336,0.03334551970982576,0.016232961752875395,48.681087876678404
Q3p85_W2p62_t0p21_higheps_center,5,0.302,0.35,8,168,192,13.0,0.032258198863852554,0.009608835102279915,29.787264759680216
Q3p85_W2p62_t0p21_higheps_center,5,0.302,0.35,9,192,216,17.0,0.042183798514268726,0.011210781298978857,26.576035572488323
Q3p85_W2p62_t0p21_higheps_center,5,0.302,0.35,10,216,240,40.83333333333333,0.10132382976466509,0.01933439518453109,19.081784837226536
Q3p85_W2p62_t0p21_higheps_center,5,0.302,0.35,11,240,264,168.66666666666669,0.4076233398609356,0.05056634026246486,12.405163129205512
Q3p85_W2p62_t0p21_higheps_center,5,0.302,0.35,12,264,288,238.1666666666667,0.5764452630986004,0.06635684404325408,11.51138682041764
Q3p85_W2p62_t0p21_higheps_center,5,0.302,0.35,13,288,312,169.5,0.40969117312143893,0.05076171452226069,12.39023875850362
Q3p85_W2p62_t0p21_higheps_center,5,0.302,0.35,14,312,336,84.66666666666666,0.21009185926714227,0.032322966081044825,15.385158755696745
Q3p85_W2p62_t0p21_higheps_center,5,0.302,0.35,15,336,360,48.66666666666667,0.11349072103676587,0.022591467723286202,19.906004223876227
Q3p85_W2p62_t0p21_higheps_center,6,0.35,0.408,1,0,24,22.833333333333336,0.05665863133779231,0.013404720103935543,23.658743226637664
Q3p85_W2p62_t0p21_higheps_center,6,0.35,0.408,2,24,48,69.66666666666666,0.16923548988976622,0.026638219677562042,15.740327099778655
Q3p85_W2p62_t0p21_higheps_center,6,0.35,0.408,3,48,72,145.83333333333334,0.3618708205880895,0.04951971806710553,13.684363383217587
Q3p85_W2p62_t0p21_higheps_center,6,0.35,0.408,4,72,96,203.50000000000003,0.4940587701499764,0.058234297853074164,11.786917138500865
Q3p85_W2p62_t0p21_higheps_center,6,0.35,0.408,5,96,120,123.66666666666666,0.29596034379375363,0.04061318151096543,13.72250788411964
Q3p85_W2p62_t0p21_higheps_center,6,0.35,0.408,6,120,144,23.0,0.057072197989892985,0.013419043814759906,23.512400586247452
Q3p85_W2p62_t0p21_higheps_center,6,0.35,0.408,7,144,168,5.833333333333333,0.014474832823523584,0.006291940178584318,43.46813711284495
Q3p85_W2p62_t0p21_higheps_center,6,0.35,0.408,8,168,192,5.0,0.012406999563020212,0.005709984235167861,46.02228126280268
Q3p85_W2p62_t0p21_higheps_center,6,0.35,0.408,9,192,216,5.0,0.012406999563020214,0.005709984235167861,46.02228126280267
Q3p85_W2p62_t0p21_higheps_center,6,0.35,0.408,10,216,240,18.833333333333332,0.04673303168737614,0.011955857284041858,25.58331195806297
Q3p85_W2p62_t0p21_higheps_center,6,0.35,0.408,11,240,264,121.33333333333331,0.2974411520409751,0.03870907509769599,13.014028096678256
Q3p85_W2p62_t0p21_higheps_center,6,0.35,0.408,12,264,288,226.5,0.5584017095164999,0.06222904952630073,11.14413664316727
Q3p85_W2p62_t0p21_higheps_center,6,0.35,0.408,13,288,312,140.33333333333334,0.3482231210687673,0.04796186943904409,13.77331559485177
Q3p85_W2p62_t0p21_higheps_center,6,0.35,0.408,14,312,336,60.833333333333336,0.14004571595179963,0.02644318738473286,18.881825270423818
Q3p85_W2p62_t0p21_higheps_center,6,0.35,0.408,15,336,360,29.833333333333332,0.07039306003770517,0.0165307282743968,23.483463093580987
Q3p85_W2p62_t0p21_higheps_center,7,0.408,0.5,1,0,24,11.666666666666668,0.02894966564704717,0.009171904043153684,31.682245159502237
Q3p85_W2p62_t0p21_higheps_center,7,0.408,0.5,2,24,48,40.666666666666664,0.10091026311256442,0.019313273501893255,19.139057719381313
Q3p85_W2p62_t0p21_higheps_center,7,0.408,0.5,3,48,72,131.83333333333334,0.3198604804350021,0.04182127601097779,13.074849369982164
Q3p85_W2p62_t0p21_higheps_center,7,0.408,0.5,4,72,96,218.8333333333334,0.5321069021432381,0.06163489888448003,11.583179740053156
Q3p85_W2p62_t0p21_higheps_center,7,0.408,0.5,5,96,120,82.66666666666667,0.19785831806530335,0.03059092563091411,15.461025813843996
Q3p85_W2p62_t0p21_higheps_center,7,0.408,0.5,6,120,144,4.0,0.00992559965041617,0.005078620403138139,51.16688746281639
Q3p85_W2p62_t0p21_higheps_center,7,0.408,0.5,7,144,168,0.0,0.0,0.0,0.0
Q3p85_W2p62_t0p21_higheps_center,7,0.408,0.5,8,168,192,0.0,0.0,0.0,0.0
Q3p85_W2p62_t0p21_higheps_center,7,0.408,0.5,9,192,216,1.0,0.0024813999126040427,0.0024960034494470756,100.58852008371788
Q3p85_W2p62_t0p21_higheps_center,7,0.408,0.5,10,216,240,2.0,0.004962799825208085,0.0035504143175218443,71.54055054745189
Q3p85_W2p62_t0p21_higheps_center,7,0.408,0.5,11,240,264,81.5,0.19859872218891403,0.02947487739149873,14.841423482806299
Q3p85_W2p62_t0p21_higheps_center,7,0.408,0.5,12,264,288,231.00000000000006,0.5550265263699562,0.06532080549764939,11.768952003946099
Q3p85_W2p62_t0p21_higheps_center,7,0.408,0.5,13,288,312,138.66666666666666,0.34045208385944514,0.042698615991176476,12.541740237608446
Q3p85_W2p62_t0p21_higheps_center,7,0.408,0.5,14,312,336,32.5,0.0806454971596314,0.016747593577202024,20.766929546049525
Q3p85_W2p62_t0p21_higheps_center,7,0.408,0.5,15,336,360,5.833333333333333,0.01083946213520814,0.009112434383756305,84.06721911189487
Q3p85_W2p62_t0p21_higheps_left,1,0.16,0.208,1,0,24,1.0,0.0019845361653318795,0.0019932758331066653,100.44038843571914
Q3p85_W2p62_t0p21_higheps_left,1,0.16,0.208,2,24,48,0.0,0.0,0.0,0.0
Q3p85_W2p62_t0p21_higheps_left,1,0.16,0.208,3,48,72,0.0,0.0,0.0,0.0
Q3p85_W2p62_t0p21_higheps_left,1,0.16,0.208,4,72,96,1.0,0.0019845361653318795,0.0019932758331066653,100.44038843571914
Q3p85_W2p62_t0p21_higheps_left,1,0.16,0.208,5,96,120,4.0,0.007938144661327518,0.0040385357806303,50.87505900849789
Q3p85_W2p62_t0p21_higheps_left,1,0.16,0.208,6,120,144,25.833333333333336,0.046515452934074726,0.012853422173028798,27.632585221185863
Q3p85_W2p62_t0p21_higheps_left,1,0.16,0.208,7,144,168,63.833333333333336,0.12667955855368496,0.019844941865376886,15.665464966841425
Q3p85_W2p62_t0p21_higheps_left,1,0.16,0.208,8,168,192,59.0,0.11708763375458088,0.018798424322981965,16.05500403431503
Q3p85_W2p62_t0p21_higheps_left,1,0.16,0.208,9,192,216,53.0,0.10518041676258963,0.017503957800777972,16.64184107606973
Q3p85_W2p62_t0p21_higheps_left,1,0.16,0.208,10,216,240,26.0,0.051597940298628873,0.011220470274770782,21.74596545875872
Q3p85_W2p62_t0p21_higheps_left,1,0.16,0.208,11,240,264,4.0,0.007938144661327518,0.0040385357806303,50.87505900849789
Q3p85_W2p62_t0p21_higheps_left,1,0.16,0.208,12,264,288,0.0,0.0,0.0,0.0
Q3p85_W2p62_t0p21_higheps_left,1,0.16,0.208,13,288,312,1.0,0.0019845361653318795,0.0019932758331066653,100.44038843571914
Q3p85_W2p62_t0p21_higheps_left,1,0.16,0.208,14,312,336,0.0,0.0,0.0,0.0
Q3p85_W2p62_t0p21_higheps_left,1,0.16,0.208,15,336,360,0.0,0.0,0.0,0.0
Q3p85_W2p62_t0p21_higheps_left,2,0.208,0.226,1,0,24,1.0,0.0019845361653318795,0.0019932758331066653,100.44038843571914
Q3p85_W2p62_t0p21_higheps_left,2,0.208,0.226,2,24,48,0.0,0.0,0.0,0.0
Q3p85_W2p62_t0p21_higheps_left,2,0.208,0.226,3,48,72,0.0,0.0,0.0,0.0
Q3p85_W2p62_t0p21_higheps_left,2,0.208,0.226,4,72,96,2.0,0.003969072330663759,0.0028312235172038187,71.33212200066772
Q3p85_W2p62_t0p21_higheps_left,2,0.208,0.226,5,96,120,16.0,0.03175257864531007,0.008480207428501458,26.707145656511912
Q3p85_W2p62_t0p21_higheps_left,2,0.208,0.226,6,120,144,44.833333333333336,0.08897337141237928,0.0157230656706177,17.671653238521742
Q3p85_W2p62_t0p21_higheps_left,2,0.208,0.226,7,144,168,71.83333333333333,0.14255584787633999,0.02151883211897418,15.095018857199518
Q3p85_W2p62_t0p21_higheps_left,2,0.208,0.226,8,168,192,74.0,0.14210394489756023,0.021072521388700746,14.828948910525664
Q3p85_W2p62_t0p21_higheps_left,2,0.208,0.226,9,192,216,61.0,0.111553243411247,0.02030718117601326,18.20402576834969
Q3p85_W2p62_t0p21_higheps_left,2,0.208,0.226,10,216,240,51.0,0.10121134443192586,0.017066947647377335,16.862682482057593
Q3p85_W2p62_t0p21_higheps_left,2,0.208,0.226,11,240,264,7.0,0.013891753157323154,0.00541037517664715,38.94666940432227
Q3p85_W2p62_t0p21_higheps_left,2,0.208,0.226,12,264,288,1.0,0.0019845361653318795,0.0019932758331066653,100.44038843571914
Q3p85_W2p62_t0p21_higheps_left,2,0.208,0.226,13,288,312,0.0,0.0,0.0,0.0
Q3p85_W2p62_t0p21_higheps_left,2,0.208,0.226,14,312,336,0.0,0.0,0.0,0.0
Q3p85_W2p62_t0p21_higheps_left,2,0.208,0.226,15,336,360,0.0,0.0,0.0,0.0
Q3p85_W2p62_t0p21_higheps_left,3,0.226,0.264,1,0,24,2.0,0.003969072330663759,0.0028312235172038187,71.33212200066772
Q3p85_W2p62_t0p21_higheps_left,3,0.226,0.264,2,24,48,0.0,0.0,0.0,0.0
Q3p85_W2p62_t0p21_higheps_left,3,0.226,0.264,3,48,72,2.0,0.003969072330663759,0.0028312235172038187,71.33212200066772
Q3p85_W2p62_t0p21_higheps_left,3,0.226,0.264,4,72,96,13.0,0.02579897014931443,0.007554749032335205,29.2831418797388
Q3p85_W2p62_t0p21_higheps_left,3,0.226,0.264,5,96,120,72.66666666666667,0.14420962801411652,0.021709310791939527,15.053995416876345
Q3p85_W2p62_t0p21_higheps_left,3,0.226,0.264,6,120,144,181.83333333333331,0.356103094725848,0.03713667806730553,10.428631095131546
Q3p85_W2p62_t0p21_higheps_left,3,0.226,0.264,7,144,168,183.83333333333331,0.36007216705651174,0.03742309735208274,10.393221352821017
Q3p85_W2p62_t0p21_higheps_left,3,0.226,0.264,8,168,192,203.0,0.4028608415623716,0.04724524010263096,11.72743419772566
Q3p85_W2p62_t0p21_higheps_left,3,0.226,0.264,9,192,216,196.83333333333334,0.3906228685428251,0.04607466197851658,11.795177827246253
Q3p85_W2p62_t0p21_higheps_left,3,0.226,0.264,10,216,240,181.0,0.3496975832510724,0.03776355982647226,10.798919304900988
Q3p85_W2p62_t0p21_higheps_left,3,0.226,0.264,11,240,264,83.0,0.1599647703855471,0.022488368226935774,14.058325575521602
Q3p85_W2p62_t0p21_higheps_left,3,0.226,0.264,12,264,288,12.0,0.01906270264698372,0.009993167778099579,52.42261794227164
Q3p85_W2p62_t0p21_higheps_left,3,0.226,0.264,13,288,312,2.0,0.003969072330663759,0.0028312235172038187,71.33212200066772
Q3p85_W2p62_t0p21_higheps_left,3,0.226,0.264,14,312,336,1.0,0.0019845361653318795,0.0019932758331066653,100.44038843571914
Q3p85_W2p62_t0p21_higheps_left,3,0.226,0.264,15,336,360,3.0,0.005953608495995639,0.0034825327238322775,58.49448659875113
Q3p85_W2p62_t0p21_higheps_left,4,0.264,0.302,1,0,24,1.0,0.0019845361653318795,0.0019932758331066653,100.44038843571914
Q3p85_W2p62_t0p21_higheps_left,4,0.264,0.302,2,24,48,3.0,0.005953608495995639,0.0034825327238322775,58.49448659875113
Q3p85_W2p62_t0p21_higheps_left,4,0.264,0.302,3,48,72,8.0,0.015876289322655036,0.005807926882601353,36.58239507082803
Q3p85_W2p62_t0p21_higheps_left,4,0.264,0.302,4,72,96,34.0,0.06747422962128391,0.0131944346631757,19.55477630086743
Q3p85_W2p62_t0p21_higheps_left,4,0.264,0.302,5,96,120,153.83333333333334,0.3005360820965554,0.03309916875374741,11.013376005585046
Q3p85_W2p62_t0p21_higheps_left,4,0.264,0.302,6,120,144,247.66666666666669,0.49150345694719566,0.055761685604934226,11.345125820941062
Q3p85_W2p62_t0p21_higheps_left,4,0.264,0.302,7,144,168,255.83333333333337,0.5029587709604071,0.04761242295591009,9.466466379539117
Q3p85_W2p62_t0p21_higheps_left,4,0.264,0.302,8,168,192,215.66666666666669,0.42324656831957663,0.0419631020839975,9.914575858371244
Q3p85_W2p62_t0p21_higheps_left,4,0.264,0.302,9,192,216,252.50000000000003,0.5010953817462998,0.05668518087075469,11.312253701722181
Q3p85_W2p62_t0p21_higheps_left,4,0.264,0.302,10,216,240,254.0,0.4945687233202996,0.047968812006796875,9.699119605614575
Q3p85_W2p62_t0p21_higheps_left,4,0.264,0.302,11,240,264,151.83333333333331,0.2918152784288928,0.03364378300981904,11.529136922149565
Q3p85_W2p62_t0p21_higheps_left,4,0.264,0.302,12,264,288,29.0,0.057551548794624506,0.011977073481954398,20.811035902257235
Q3p85_W2p62_t0p21_higheps_left,4,0.264,0.302,13,288,312,6.0,0.011907216991991277,0.004988169397804137,41.89198366972862
Q3p85_W2p62_t0p21_higheps_left,4,0.264,0.302,14,312,336,5.0,0.009922680826659397,0.004534428061064982,45.69761075940561
Q3p85_W2p62_t0p21_higheps_left,4,0.264,0.302,15,336,360,1.0,0.0019845361653318795,0.0019932758331066653,100.44038843571914
Q3p85_W2p62_t0p21_higheps_left,5,0.302,0.35,1,0,24,2.0,0.003969072330663759,0.0028312235172038187,71.33212200066772
Q3p85_W2p62_t0p21_higheps_left,5,0.302,0.35,2,24,48,0.0,0.0,0.0,0.0
Q3p85_W2p62_t0p21_higheps_left,5,0.302,0.35,3,48,72,7.0,0.013891753157323154,0.00541037517664715,38.94666940432227
Q3p85_W2p62_t0p21_higheps_left,5,0.302,0.35,4,72,96,63.0,0.12502577841590845,0.0196494145662748,15.716290524430423
Q3p85_W2p62_t0p21_higheps_left,5,0.302,0.35,5,96,120,227.66666666666669,0.4423092709665604,0.044321580754696326,10.020495536492415
Q3p85_W2p62_t0p21_higheps_left,5,0.302,0.35,6,120,144,284.6666666666667,0.5554278323904775,0.052233684760492845,9.404225304246449
Q3p85_W2p62_t0p21_higheps_left,5,0.302,0.35,7,144,168,277.0,0.5497165177969309,0.06130576826444647,11.15225143863937
Q3p85_W2p62_t0p21_higheps_left,5,0.302,0.35,8,168,192,237.0,0.46083160850965754,0.04560491478278384,9.896221079598126
Q3p85_W2p62_t0p21_higheps_left,5,0.302,0.35,9,192,216,279.0,0.5346786647795991,0.052603472334098046,9.838333900190653
Q3p85_W2p62_t0p21_higheps_left,5,0.302,0.35,10,216,240,300.8333333333333,0.5827594357263445,0.055021211922263336,9.44149653341701
Q3p85_W2p62_t0p21_higheps_left,5,0.302,0.35,11,240,264,229.66666666666669,0.4415266119602252,0.04525445111428217,10.249540998982617
Q3p85_W2p62_t0p21_higheps_left,5,0.302,0.35,12,264,288,51.833333333333336,0.09811339323270361,0.01748072603928331,17.81686012818131
Q3p85_W2p62_t0p21_higheps_left,5,0.302,0.35,13,288,312,7.0,0.013891753157323154,0.00541037517664715,38.94666940432227
Q3p85_W2p62_t0p21_higheps_left,5,0.302,0.35,14,312,336,1.0,0.0019845361653318795,0.0019932758331066653,100.44038843571914
Q3p85_W2p62_t0p21_higheps_left,5,0.302,0.35,15,336,360,1.0,0.0019845361653318795,0.0019932758331066653,100.44038843571914
Q3p85_W2p62_t0p21_higheps_left,6,0.35,0.408,1,0,24,1.0,0.0019845361653318795,0.0019932758331066653,100.44038843571914
Q3p85_W2p62_t0p21_higheps_left,6,0.35,0.408,2,24,48,0.0,0.0,0.0,0.0
Q3p85_W2p62_t0p21_higheps_left,6,0.35,0.408,3,48,72,7.0,0.013891753157323154,0.00541037517664715,38.94666940432227
Q3p85_W2p62_t0p21_higheps_left,6,0.35,0.408,4,72,96,88.0,0.16988745121220647,0.023265295873551816,13.694534650761891
Q3p85_W2p62_t0p21_higheps_left,6,0.35,0.408,5,96,120,240.66666666666669,0.46810824111587473,0.04613191124449689,9.854966692004355
Q3p85_W2p62_t0p21_higheps_left,6,0.35,0.408,6,120,144,279.8333333333333,0.5505876389283725,0.050970512276534895,9.257474863718434
Q3p85_W2p62_t0p21_higheps_left,6,0.35,0.408,7,144,168,218.66666666666669,0.4292001768155721,0.042387627124143214,9.875957516754994
Q3p85_W2p62_t0p21_higheps_left,6,0.35,0.408,8,168,192,158.83333333333334,0.30570703158621587,0.034638814817586946,11.330722305554188
Q3p85_W2p62_t0p21_higheps_left,6,0.35,0.408,9,192,216,209.66666666666669,0.40183588865358755,0.04249634476174452,10.575547371872386
Q3p85_W2p62_t0p21_higheps_left,6,0.35,0.408,10,216,240,310.5,0.6114467479985501,0.055256334493438815,9.03698231682636
Q3p85_W2p62_t0p21_higheps_left,6,0.35,0.408,11,240,264,240.83333333333334,0.46843899714342974,0.046146798700600566,9.851186383287178
Q3p85_W2p62_t0p21_higheps_left,6,0.35,0.408,12,264,288,52.0,0.10319588059725779,0.017285828171931205,16.750502124588234
Q3p85_W2p62_t0p21_higheps_left,6,0.35,0.408,13,288,312,2.0,0.003969072330663759,0.0028312235172038187,71.33212200066772
Q3p85_W2p62_t0p21_higheps_left,6,0.35,0.408,14,312,336,0.0,0.0,0.0,0.0
Q3p85_W2p62_t0p21_higheps_left,6,0.35,0.408,15,336,360,1.0,0.0019845361653318795,0.0019932758331066653,100.44038843571914
Q3p85_W2p62_t0p21_higheps_left,7,0.408,0.5,1,0,24,0.0,0.0,0.0,0.0
Q3p85_W2p62_t0p21_higheps_left,7,0.408,0.5,2,24,48,0.0,0.0,0.0,0.0
Q3p85_W2p62_t0p21_higheps_left,7,0.408,0.5,3,48,72,2.0,0.003969072330663759,0.0028312235172038187,71.33212200066772
Q3p85_W2p62_t0p21_higheps_left,7,0.408,0.5,4,72,96,102.83333333333333,0.19932473766462921,0.025551698480686284,12.819130620745078
Q3p85_W2p62_t0p21_higheps_left,7,0.408,0.5,5,96,120,297.8333333333333,0.5863092899043463,0.053480260435320996,9.121509987338944
Q3p85_W2p62_t0p21_higheps_left,7,0.408,0.5,6,120,144,316.49999999999994,0.6138505023165437,0.05718013994741071,9.314994405254177
Q3p85_W2p62_t0p21_higheps_left,7,0.408,0.5,7,144,168,114.83333333333333,0.22313917164861197,0.027358134616406734,12.260570125037889
Q3p85_W2p62_t0p21_higheps_left,7,0.408,0.5,8,168,192,51.833333333333336,0.09336166189570477,0.018905415465132427,20.249656102150208
Q3p85_W2p62_t0p21_higheps_left,7,0.408,0.5,9,192,216,91.0,0.17108932837120328,0.024825734134774534,14.51039312102008
Q3p85_W2p62_t0p21_higheps_left,7,0.408,0.5,10,216,240,262.6666666666667,0.5165197680901747,0.04857793526460962,9.404855005690473
Q3p85_W2p62_t0p21_higheps_left,7,0.408,0.5,11,240,264,310.6666666666667,0.597522310015109,0.056923511804416245,9.526591869511428
Q3p85_W2p62_t0p21_higheps_left,7,0.408,0.5,12,264,288,98.83333333333333,0.19138659300330166,0.02494399722722766,13.033304389716236
Q3p85_W2p62_t0p21_higheps_left,7,0.408,0.5,13,288,312,3.0,0.005953608495995639,0.0034825327238322775,58.49448659875113
Q3p85_W2p62_t0p21_higheps_left,7,0.408,0.5,14,312,336,0.0,0.0,0.0,0.0
Q3p85_W2p62_t0p21_higheps_left,7,0.408,0.5,15,336,360,0.0,0.0,0.0,0.0
Q3p85_W2p62_t0p21_loweps_center,1,0.16,0.206,1,0,24,100.16666666666666,0.0332827524972026,0.0038897163938786984,11.686883151282718
Q3p85_W2p62_t0p21_loweps_center,1,0.16,0.206,2,24,48,111.16666666666664,0.036771683499191035,0.004864634223956357,13.22929428581473
Q3p85_W2p62_t0p21_loweps_center,1,0.16,0.206,3,48,72,150.1666666666667,0.04877421594759997,0.005250216605495614,10.76432804401433
Q3p85_W2p62_t0p21_loweps_center,1,0.16,0.206,4,72,96,161.33333333333337,0.05246792328559967,0.005488845404061083,10.461335346138142
Q3p85_W2p62_t0p21_loweps_center,1,0.16,0.206,5,96,120,153.16666666666666,0.049916201608178314,0.0053051532771192286,10.628118939743258
Q3p85_W2p62_t0p21_loweps_center,1,0.16,0.206,6,120,144,187.16666666666669,0.05921731061832941,0.006311172263933765,10.657647566284918
Q3p85_W2p62_t0p21_loweps_center,1,0.16,0.206,7,144,168,176.33333333333331,0.05473598494641135,0.00624514768644234,11.40958309703677
Q3p85_W2p62_t0p21_loweps_center,1,0.16,0.206,8,168,192,175.00000000000009,0.05698858002762913,0.0057738022624088505,10.131507504853785
Q3p85_W2p62_t0p21_loweps_center,1,0.16,0.206,9,192,216,162.33333333333337,0.05190082479275591,0.005645842584592385,10.878136536628618
Q3p85_W2p62_t0p21_loweps_center,1,0.16,0.206,10,216,240,160.16666666666674,0.05297989181817476,0.006393218050010832,12.0672538780414
Q3p85_W2p62_t0p21_loweps_center,1,0.16,0.206,11,240,264,184.83333333333334,0.06024124768347962,0.005974172806500281,9.917080134013593
Q3p85_W2p62_t0p21_loweps_center,1,0.16,0.206,12,264,288,180.16666666666674,0.05959548705041303,0.007018154096262638,11.776318046240378
Q3p85_W2p62_t0p21_loweps_center,1,0.16,0.206,13,288,312,122.66666666666666,0.037882015994361015,0.004991102576594807,13.175387965988309
Q3p85_W2p62_t0p21_loweps_center,1,0.16,0.206,14,312,336,100.16666666666666,0.03313310612145998,0.004501330928775098,13.585598984514254
Q3p85_W2p62_t0p21_loweps_center,1,0.16,0.206,15,336,360,85.66666666666664,0.02579281119046283,0.004204306602965438,16.30030387893517
Q3p85_W2p62_t0p21_loweps_center,2,0.206,0.226,1,0,24,68.66666666666667,0.02286319000642731,0.003111579150525622,13.609558200981114
Q3p85_W2p62_t0p21_loweps_center,2,0.206,0.226,2,24,48,105.49999999999999,0.03489726485005685,0.004666947074288812,13.373389273747652
Q3p85_W2p62_t0p21_loweps_center,2,0.206,0.226,3,48,72,118.99999999999997,0.03846491337736201,0.004542275235205465,11.808879408210906
Q3p85_W2p62_t0p21_loweps_center,2,0.206,0.226,4,72,96,157.83333333333334,0.05220807237441367,0.006314400341183755,12.0946820175616
Q3p85_W2p62_t0p21_loweps_center,2,0.206,0.226,5,96,120,136.33333333333334,0.045096307499757515,0.005640893540985795,12.508548601271016
Q3p85_W2p62_t0p21_loweps_center,2,0.206,0.226,6,120,144,151.16666666666666,0.05000287396366757,0.006083480619646077,12.166261931396933
Q3p85_W2p62_t0p21_loweps_center,2,0.206,0.226,7,144,168,142.00000000000003,0.04697072614889169,0.005810338394295646,12.370126822986629
Q3p85_W2p62_t0p21_loweps_center,2,0.206,0.226,8,168,192,109.16666666666664,0.036110123975967204,0.004774710832106595,13.222637605133574
Q3p85_W2p62_t0p21_loweps_center,2,0.206,0.226,9,192,216,143.8333333333334,0.04757715571184687,0.005869314564025076,12.336413297955088
Q3p85_W2p62_t0p21_loweps_center,2,0.206,0.226,10,216,240,166.66666666666669,0.05423208201419654,0.005576551334541053,10.28275354260096
Q3p85_W2p62_t0p21_loweps_center,2,0.206,0.226,11,240,264,153.00000000000003,0.04971142527216705,0.0052893461855603304,10.640101659933263
Q3p85_W2p62_t0p21_loweps_center,2,0.206,0.226,12,264,288,155.8333333333334,0.05064863459673417,0.005364586865309538,10.591769961860823
Q3p85_W2p62_t0p21_loweps_center,2,0.206,0.226,13,288,312,124.49999999999997,0.04148137307216843,0.004489821388472974,10.823704848587523
Q3p85_W2p62_t0p21_loweps_center,2,0.206,0.226,14,312,336,73.66666666666666,0.022571685929832927,0.003704582283477822,16.412519184406545
Q3p85_W2p62_t0p21_loweps_center,2,0.206,0.226,15,336,360,65.66666666666667,0.021721204345848958,0.003346278246148554,15.405583377737736
Q3p85_W2p62_t0p21_loweps_center,3,0.226,0.262,1,0,24,140.8333333333334,0.04658481642701114,0.005808836165805711,12.469376529382629
Q3p85_W2p62_t0p21_loweps_center,3,0.226,0.262,2,24,48,190.83333333333334,0.061328047998695435,0.006297351824867226,10.268306313941677
Q3p85_W2p62_t0p21_loweps_center,3,0.226,0.262,3,48,72,257.83333333333337,0.08528604853560494,0.009406950300133913,11.029881746962085
Q3p85_W2p62_t0p21_loweps_center,3,0.226,0.262,4,72,96,347.4999999999999,0.11135445414231715,0.009683344362669252,8.695965004052198
Q3p85_W2p62_t0p21_loweps_center,3,0.226,0.262,5,96,120,292.99999999999994,0.09691847015229053,0.010449658710907646,10.781906373973737
Q3p85_W2p62_t0p21_loweps_center,3,0.226,0.262,6,120,144,339.83333333333326,0.11151211073332618,0.009201546157149418,8.251611503574088
Q3p85_W2p62_t0p21_loweps_center,3,0.226,0.262,7,144,168,220.8333333333334,0.0694556843381415,0.0071379273789379995,10.276952055050469
Q3p85_W2p62_t0p21_loweps_center,3,0.226,0.262,8,168,192,181.6666666666668,0.060091656692830904,0.007050586323893609,11.733053658237322
Q3p85_W2p62_t0p21_loweps_center,3,0.226,0.262,9,192,216,216.00000000000003,0.0705505502537176,0.006630583628765866,9.398344314708549
Q3p85_W2p62_t0p21_loweps_center,3,0.226,0.262,10,216,240,305.66666666666646,0.09931259062379681,0.008615236736510833,8.674868596617287
Q3p85_W2p62_t0p21_loweps_center,3,0.226,0.262,11,240,264,396.6666666666665,0.13031142718493655,0.010380250169206602,7.965725181165475
Q3p85_W2p62_t0p21_loweps_center,3,0.226,0.262,12,264,288,319.99999999999994,0.10136013244353387,0.009248136393441577,9.124037400595908
Q3p85_W2p62_t0p21_loweps_center,3,0.226,0.262,13,288,312,253.16666666666686,0.08374240964808267,0.009263510515478315,11.061910630954012
Q3p85_W2p62_t0p21_loweps_center,3,0.226,0.262,14,312,336,168.50000000000009,0.05304275506824037,0.005958360774822814,11.233128383239682
Q3p85_W2p62_t0p21_loweps_center,3,0.226,0.262,15,336,360,147.0,0.047726746702495625,0.005183720226528349,10.861247800611755
Q3p85_W2p62_t0p21_loweps_center,4,0.262,0.3,1,0,24,128.66666666666663,0.04166245107294385,0.004801510773904692,11.52479186953755
Q3p85_W2p62_t0p21_loweps_center,4,0.262,0.3,2,24,48,184.00000000000014,0.060863476136592036,0.0071550272048837415,11.755863547501244
Q3p85_W2p62_t0p21_loweps_center,4,0.262,0.3,3,48,72,270.3333333333333,0.08672716079238686,0.008049942866599146,9.281916752549556
Q3p85_W2p62_t0p21_loweps_center,4,0.262,0.3,4,72,96,289.83333333333314,0.09497312265273049,0.008226463918526791,8.661886319782157
Q3p85_W2p62_t0p21_loweps_center,4,0.262,0.3,5,96,120,330.66666666666634,0.10847996291855022,0.009051320711848096,8.343771944911227
Q3p85_W2p62_t0p21_loweps_center,4,0.262,0.3,6,120,144,177.50000000000009,0.05691765117720326,0.00600444687636194,10.549358155465926
Q3p85_W2p62_t0p21_loweps_center,4,0.262,0.3,7,144,168,92.83333333333331,0.028013753106272254,0.004394285424890746,15.686171746501435
Q3p85_W2p62_t0p21_loweps_center,4,0.262,0.3,8,168,192,64.66666666666667,0.020492546329781376,0.0033064229783424355,16.1347590735334
Q3p85_W2p62_t0p21_loweps_center,4,0.262,0.3,9,192,216,91.16666666666666,0.029258210012497076,0.003939946818901332,13.466123926304652
Q3p85_W2p62_t0p21_loweps_center,4,0.262,0.3,10,216,240,193.66666666666674,0.06346242832920344,0.006176535519966901,9.732586165670957
Q3p85_W2p62_t0p21_loweps_center,4,0.262,0.3,11,240,264,336.1666666666665,0.10940137335296019,0.009255840881433528,8.460443043590992
Q3p85_W2p62_t0p21_loweps_center,4,0.262,0.3,12,264,288,345.33333333333314,0.11153564291328036,0.00954721081594174,8.559784627201866
Q3p85_W2p62_t0p21_loweps_center,4,0.262,0.3,13,288,312,264.83333333333337,0.08580575035797698,0.00782584403467933,9.120419088499698
Q3p85_W2p62_t0p21_loweps_center,4,0.262,0.3,14,312,336,172.83333333333331,0.056271890544136685,0.005762727849459261,10.240864121917644
Q3p85_W2p62_t0p21_loweps_center,4,0.262,0.3,15,336,360,100.99999999999994,0.03251087766834756,0.004182215121875049,12.864048656388116
Q3p85_W2p62_t0p21_loweps_center,5,0.3,0.35,1,0,24,106.8333333333333,0.03444042627775039,0.004345344442945395,12.616987977737736
Q3p85_W2p62_t0p21_loweps_center,5,0.3,0.35,2,24,48,153.6666666666667,0.050829823367697334,0.006269105968577221,12.33351909021442
Q3p85_W2p62_t0p21_loweps_center,5,0.3,0.35,3,48,72,255.6666666666668,0.08367148079765681,0.007545491431316734,9.017996764708917
Q3p85_W2p62_t0p21_loweps_center,5,0.3,0.35,4,72,96,276.6666666666667,0.090617855791507,0.007966839680334679,8.791688581403575
Q3p85_W2p62_t0p21_loweps_center,5,0.3,0.35,5,96,120,240.83333333333331,0.07876491433374676,0.00722203205723549,9.16909783794587
Q3p85_W2p62_t0p21_loweps_center,5,0.3,0.35,6,120,144,93.66666666666663,0.030983037670982545,0.004359188321087261,14.069596297750685
Q3p85_W2p62_t0p21_loweps_center,5,0.3,0.35,7,144,168,48.500000000000014,0.015144940183722122,0.0028866482283259735,19.060149418276087
Q3p85_W2p62_t0p21_loweps_center,5,0.3,0.35,8,168,192,42.666666666666664,0.014113269828774965,0.0025418004700648667,18.010004066403482
Q3p85_W2p62_t0p21_loweps_center,5,0.3,0.35,9,192,216,59.500000000000014,0.01968139581590883,0.003199888786043798,16.258444350056052
Q3p85_W2p62_t0p21_loweps_center,5,0.3,0.35,10,216,240,86.8333333333333,0.027974477421254727,0.003849620838754166,13.761189461323998
Q3p85_W2p62_t0p21_loweps_center,5,0.3,0.35,11,240,264,239.66666666666677,0.0720938568306765,0.008073855447842825,11.19908935764876
Q3p85_W2p62_t0p21_loweps_center,5,0.3,0.35,12,264,288,328.66666666666663,0.10617229326215774,0.009274559687556349,8.735386043377492
Q3p85_W2p62_t0p21_loweps_center,5,0.3,0.35,13,288,312,269.33333333333337,0.08639638103077496,0.008069578977664454,9.340181708294027
Q3p85_W2p62_t0p21_loweps_center,5,0.3,0.35,14,312,336,124.66666666666667,0.039441453772040495,0.00497225619193074,12.606675759643283
Q3p85_W2p62_t0p21_loweps_center,5,0.3,0.35,15,336,360,99.33333333333336,0.032857456320116704,0.004571098464572242,13.911906083166958
Q3p85_W2p62_t0p21_loweps_center,6,0.35,0.402,1,0,24,45.33333333333332,0.014995349193073399,0.0027874877313577356,18.589015137075453
Q3p85_W2p62_t0p21_loweps_center,6,0.35,0.402,2,24,48,60.500000000000014,0.02001217557752075,0.003330748997622642,16.643612708275462
Q3p85_W2p62_t0p21_loweps_center,6,0.35,0.402,3,48,72,134.83333333333331,0.04460013785733961,0.0057348712973236664,12.858416078594944
Q3p85_W2p62_t0p21_loweps_center,6,0.35,0.402,4,72,96,147.33333333333331,0.04604125011412152,0.00559667098986524,12.155775475237714
Q3p85_W2p62_t0p21_loweps_center,6,0.35,0.402,5,96,120,92.6666666666667,0.028856501400459283,0.004207174034152218,14.579640046333738
Q3p85_W2p62_t0p21_loweps_center,6,0.35,0.402,6,120,144,41.66666666666667,0.013782490067163049,0.002580530932882569,18.72325624983192
Q3p85_W2p62_t0p21_loweps_center,6,0.35,0.402,7,144,168,21.666666666666668,0.007166894834924785,0.001720226280722415,24.002393230881953
Q3p85_W2p62_t0p21_loweps_center,6,0.35,0.402,8,168,192,22.333333333333332,0.007387414675999395,0.0017609118998347685,23.83664620257081
Q3p85_W2p62_t0p21_loweps_center,6,0.35,0.402,9,192,216,11.000000000000002,0.003638577377731045,0.0011995998195896227,32.968924254063076
Q3p85_W2p62_t0p21_loweps_center,6,0.35,0.402,10,216,240,37.66666666666667,0.012459371020715395,0.002436946670878733,19.55914682071012
Q3p85_W2p62_t0p21_loweps_center,6,0.35,0.402,11,240,264,79.16666666666667,0.023493096364242773,0.004194189179438012,17.8528581946384
Q3p85_W2p62_t0p21_loweps_center,6,0.35,0.402,12,264,288,151.66666666666666,0.04567887257219516,0.006009574482484106,13.156135745220096
Q3p85_W2p62_t0p21_loweps_center,6,0.35,0.402,13,288,312,175.83333333333331,0.05636635157451672,0.006040720480043298,10.716891037479021
Q3p85_W2p62_t0p21_loweps_center,6,0.35,0.402,14,312,336,72.16666666666666,0.0238712727963264,0.0036618565042601187,15.340013645286854
Q3p85_W2p62_t0p21_loweps_center,6,0.35,0.402,15,336,360,54.500000000000014,0.017129618753393593,0.003101179151801497,18.10419248932271
Q3p85_W2p62_t0p21_loweps_center,7,0.402,0.5,1,0,24,16.500000000000004,0.005457866066596568,0.0016193759912281284,29.670497067326234
Q3p85_W2p62_t0p21_loweps_center,7,0.402,0.5,2,24,48,37.5,0.012404241060446745,0.0025629749801915663,20.662086198599397
Q3p85_W2p62_t0p21_loweps_center,7,0.402,0.5,3,48,72,101.99999999999999,0.033739535684415144,0.00465914983957047,13.809169999107631
Q3p85_W2p62_t0p21_loweps_center,7,0.402,0.5,4,72,96,77.66666666666667,0.024792683230736256,0.0036872084051281185,14.872163576699807
Q3p85_W2p62_t0p21_loweps_center,7,0.402,0.5,5,96,120,33.66666666666666,0.009340495465356402,0.0028504664244403395,30.517293595533857
Q3p85_W2p62_t0p21_loweps_center,7,0.402,0.5,6,120,144,12.666666666666668,0.004189876980417567,0.0012535732673869492,29.919094838484185
Q3p85_W2p62_t0p21_loweps_center,7,0.402,0.5,7,144,168,2.666666666666667,1.5798890157235873e-05,0.0014019619155468306,-8873.80000489929
Q3p85_W2p62_t0p21_loweps_center,7,0.402,0.5,8,168,192,-2.1666666666666665,0.002512445992403821,0.0017464119804361713,-69.51042871036066
Q3p85_W2p62_t0p21_loweps_center,7,0.402,0.5,9,192,216,7.833333333333334,0.0025911081326266535,0.000965939470142675,37.279010396354415
Q3p85_W2p62_t0p21_loweps_center,7,0.402,0.5,10,216,240,10.66666666666667,0.0035283174571937408,0.0011994510263645048,33.99498602142485
Q3p85_W2p62_t0p21_loweps_center,7,0.402,0.5,11,240,264,26.33333333333333,0.0060168989590800364,0.0029763734610303,49.46690116074971
Q3p85_W2p62_t0p21_loweps_center,7,0.402,0.5,12,264,288,74.66666666666667,0.02380034394590051,0.0036527266218545624,15.34736905549521
Q3p85_W2p62_t0p21_loweps_center,7,0.402,0.5,13,288,312,86.99999999999999,0.028777839260236446,0.0042033182078705,14.606093841376067
Q3p85_W2p62_t0p21_loweps_center,7,0.402,0.5,14,312,336,36.833333333333336,0.012183721219372138,0.002480702841986255,20.36079779995239
Q3p85_W2p62_t0p21_loweps_center,7,0.402,0.5,15,336,360,28.000000000000004,0.00926183332513357,0.0020977345945898075,22.649237153698778
Q3p85_W2p62_t0p21_loweps_left,1,0.16,0.206,1,0,24,0.0,0.0,0.0,0.0
Q3p85_W2p62_t0p21_loweps_left,1,0.16,0.206,2,24,48,0.0,0.0,0.0,0.0
Q3p85_W2p62_t0p21_loweps_left,1,0.16,0.206,3,48,72,0.0,0.0,0.0,0.0
Q3p85_W2p62_t0p21_loweps_left,1,0.16,0.206,4,72,96,-0.16666666666666666,5.78790440332034e-05,5.8110368180740335e-05,-100.39966822431316
Q3p85_W2p62_t0p21_loweps_left,1,0.16,0.206,5,96,120,3.666666666666667,0.00041326769239332034,0.001443364266337869,349.25649715782095
Q3p85_W2p62_t0p21_loweps_left,1,0.16,0.206,6,120,144,25.333333333333332,0.008797614693046915,0.0019413633476216502,22.066928540937152
Q3p85_W2p62_t0p21_loweps_left,1,0.16,0.206,7,144,168,100.99999999999999,0.03507470068412125,0.004723907747469457,13.468134168876967
Q3p85_W2p62_t0p21_loweps_left,1,0.16,0.206,8,168,192,95.83333333333333,0.03242037904275479,0.00418979689575785,12.923343339794089
Q3p85_W2p62_t0p21_loweps_left,1,0.16,0.206,9,192,216,85.16666666666667,0.02871612022462977,0.003919953410731694,13.650706920252953
Q3p85_W2p62_t0p21_loweps_left,1,0.16,0.206,10,216,240,23.166666666666668,0.008045187120615272,0.0018519018749450576,23.018754532131126
Q3p85_W2p62_t0p21_loweps_left,1,0.16,0.206,11,240,264,2.8333333333333335,0.000983943748564458,0.0006106573755910074,62.062224236084305
Q3p85_W2p62_t0p21_loweps_left,1,0.16,0.206,12,264,288,0.0,0.0,0.0,0.0
Q3p85_W2p62_t0p21_loweps_left,1,0.16,0.206,13,288,312,0.0,0.0,0.0,0.0
Q3p85_W2p62_t0p21_loweps_left,1,0.16,0.206,14,312,336,0.0,0.0,0.0,0.0
Q3p85_W2p62_t0p21_loweps_left,1,0.16,0.206,15,336,360,0.0,0.0,0.0,0.0
Q3p85_W2p62_t0p21_loweps_left,2,0.206,0.226,1,0,24,0.0,0.0,0.0,0.0
Q3p85_W2p62_t0p21_loweps_left,2,0.206,0.226,2,24,48,0.0,0.0,0.0,0.0
Q3p85_W2p62_t0p21_loweps_left,2,0.206,0.226,3,48,72,0.0,0.0,0.0,0.0
Q3p85_W2p62_t0p21_loweps_left,2,0.206,0.226,4,72,96,1.5,0.0005209113962988305,0.0005034104723473799,96.64032615224049
Q3p85_W2p62_t0p21_loweps_left,2,0.206,0.226,5,96,120,15.666666666666668,0.00544063013912112,0.0014742356185153205,27.096780718739844
Q3p85_W2p62_t0p21_loweps_left,2,0.206,0.226,6,120,144,90.5,0.030568249633692285,0.004029479789824068,13.181912075799005
Q3p85_W2p62_t0p21_loweps_left,2,0.206,0.226,7,144,168,130.33333333333334,0.045261412433965045,0.005688630406174661,12.568389054305786
Q3p85_W2p62_t0p21_loweps_left,2,0.206,0.226,8,168,192,127.16666666666666,0.04158149676832271,0.005273371964204349,12.682015737879038
Q3p85_W2p62_t0p21_loweps_left,2,0.206,0.226,9,192,216,153.66666666666666,0.05250440732227637,0.0055735678426614265,10.615428545741711
Q3p85_W2p62_t0p21_loweps_left,2,0.206,0.226,10,216,240,78.83333333333333,0.02737678782770521,0.0039590794177989325,14.4614461079775
Q3p85_W2p62_t0p21_loweps_left,2,0.206,0.226,11,240,264,12.666666666666668,0.0043988073465234595,0.0013150928067435384,29.896576575077905
Q3p85_W2p62_t0p21_loweps_left,2,0.206,0.226,12,264,288,1.0,0.0003472742641992204,0.00034866220908444205,100.39966822431316
Q3p85_W2p62_t0p21_loweps_left,2,0.206,0.226,13,288,312,1.0,0.0003472742641992204,0.00034866220908444205,100.39966822431316
Q3p85_W2p62_t0p21_loweps_left,2,0.206,0.226,14,312,336,0.0,0.0,0.0,0.0
Q3p85_W2p62_t0p21_loweps_left,2,0.206,0.226,15,336,360,0.0,0.0,0.0,0.0
Q3p85_W2p62_t0p21_loweps_left,3,0.226,0.262,1,0,24,2.0,0.0006945485283984408,0.0004950378925136467,71.27477379516654
Q3p85_W2p62_t0p21_loweps_left,3,0.226,0.262,2,24,48,2.0,0.0006945485283984408,0.0004950378925136467,71.27477379516654
Q3p85_W2p62_t0p21_loweps_left,3,0.226,0.262,3,48,72,2.8333333333333335,0.000983943748564458,0.0006106573755910074,62.062224236084305
Q3p85_W2p62_t0p21_loweps_left,3,0.226,0.262,4,72,96,16.166666666666664,0.004754195994883575,0.0019444005129199997,40.89861913586539
Q3p85_W2p62_t0p21_loweps_left,3,0.226,0.262,5,96,120,109.0,0.03699282352137786,0.004506859113769834,12.183063320823177
Q3p85_W2p62_t0p21_loweps_left,3,0.226,0.262,6,120,144,280.0,0.09652006791216748,0.00838833600940248,8.690768863772249
Q3p85_W2p62_t0p21_loweps_left,3,0.226,0.262,7,144,168,355.8333333333332,0.12013147390554067,0.010333146979267455,8.60153184118294
Q3p85_W2p62_t0p21_loweps_left,3,0.226,0.262,8,168,192,375.66666666666663,0.1287392226981662,0.010569644216866346,8.210119647566353
Q3p85_W2p62_t0p21_loweps_left,3,0.226,0.262,9,192,216,355.3333333333332,0.12167797932611539,0.010144267446816813,8.336978887222184
Q3p85_W2p62_t0p21_loweps_left,3,0.226,0.262,10,216,240,360.1666666666666,0.12335647160307825,0.010228086804084047,8.291487808596507
Q3p85_W2p62_t0p21_loweps_left,3,0.226,0.262,11,240,264,108.66666666666664,0.03773713670964861,0.004983920624271875,13.206938996507356
Q3p85_W2p62_t0p21_loweps_left,3,0.226,0.262,12,264,288,5.0,0.001736371320996102,0.0007919249393653922,45.60804073353904
Q3p85_W2p62_t0p21_loweps_left,3,0.226,0.262,13,288,312,0.0,0.0,0.0,0.0
Q3p85_W2p62_t0p21_loweps_left,3,0.226,0.262,14,312,336,0.0,0.0,0.0,0.0
Q3p85_W2p62_t0p21_loweps_left,3,0.226,0.262,15,336,360,1.0,0.0003472742641992204,0.00034866220908444205,100.39966822431316
Q3p85_W2p62_t0p21_loweps_left,4,0.262,0.3,1,0,24,0.0,0.0,0.0,0.0
Q3p85_W2p62_t0p21_loweps_left,4,0.262,0.3,2,24,48,3.0,0.001041822792597661,0.0006086801598065511,58.42453861936343
Q3p85_W2p62_t0p21_loweps_left,4,0.262,0.3,3,48,72,5.0,0.0008763000446589477,0.00148439545569519,169.39351592443552
Q3p85_W2p62_t0p21_loweps_left,4,0.262,0.3,4,72,96,27.5,0.00955004226547856,0.002029115982366683,21.247193739670873
Q3p85_W2p62_t0p21_loweps_left,4,0.262,0.3,5,96,120,195.1666666666667,0.0677763605628812,0.0077837593783466035,11.484475285634478
Q3p85_W2p62_t0p21_loweps_left,4,0.262,0.3,6,120,144,323.9999999999999,0.11165679032421028,0.009376171496996162,8.397314189106822
Q3p85_W2p62_t0p21_loweps_left,4,0.262,0.3,7,144,168,420.9999999999996,0.14448232267519762,0.011546377437224318,7.991550262644284
Q3p85_W2p62_t0p21_loweps_left,4,0.262,0.3,8,168,192,453.49999999999983,0.15490866498533512,0.012316024787356255,7.950507344777767
Q3p85_W2p62_t0p21_loweps_left,4,0.262,0.3,9,192,216,468.1666666666665,0.16086209213659416,0.012547414396974857,7.800106432981344
Q3p85_W2p62_t0p21_loweps_left,4,0.262,0.3,10,216,240,400.9999999999999,0.13667676611487592,0.011208656456980597,8.20084991443227
Q3p85_W2p62_t0p21_loweps_left,4,0.262,0.3,11,240,264,191.16666666666674,0.06552719222974716,0.006419824693494909,9.79719178411634
Q3p85_W2p62_t0p21_loweps_left,4,0.262,0.3,12,264,288,20.666666666666668,0.007177001460117222,0.0017180929733937565,23.938868940479427
Q3p85_W2p62_t0p21_loweps_left,4,0.262,0.3,13,288,312,3.8333333333333335,0.0013312180127636785,0.0007070652879301136,53.114161703852616
Q3p85_W2p62_t0p21_loweps_left,4,0.262,0.3,14,312,336,0.0,0.0,0.0,0.0
Q3p85_W2p62_t0p21_loweps_left,4,0.262,0.3,15,336,360,1.0,0.0003472742641992204,0.00034866220908444205,100.39966822431316
Q3p85_W2p62_t0p21_loweps_left,5,0.3,0.35,1,0,24,0.0,0.0,0.0,0.0
Q3p85_W2p62_t0p21_loweps_left,5,0.3,0.35,2,24,48,1.0,0.0003472742641992204,0.00034866220908444205,100.39966822431316
Q3p85_W2p62_t0p21_loweps_left,5,0.3,0.35,3,48,72,1.6666666666666667,0.0005787904403320341,0.0005005815735891454,86.48753308744652
Q3p85_W2p62_t0p21_loweps_left,5,0.3,0.35,4,72,96,37.166666666666664,0.012907026819404357,0.002435942122786228,18.872991873884118
Q3p85_W2p62_t0p21_loweps_left,5,0.3,0.35,5,96,120,220.8333333333334,0.07410951951498307,0.007355160867829992,9.924718060468555
Q3p85_W2p62_t0p21_loweps_left,5,0.3,0.35,6,120,144,449.99999999999966,0.1539798954860835,0.012242617797995807,7.950789782879336
Q3p85_W2p62_t0p21_loweps_left,5,0.3,0.35,7,144,168,571.6666666666665,0.19522818114126195,0.014887830784510813,7.625861541853106
Q3p85_W2p62_t0p21_loweps_left,5,0.3,0.35,8,168,192,579.0000000000002,0.19849158514233728,0.01497541344741061,7.544608723171725
Q3p85_W2p62_t0p21_loweps_left,5,0.3,0.35,9,192,216,647.666666666667,0.22334116777307697,0.016353407529861287,7.322164423567877
Q3p85_W2p62_t0p21_loweps_left,5,0.3,0.35,10,216,240,541.3333333333335,0.1854109211908333,0.01420042402130682,7.658892976801028
Q3p85_W2p62_t0p21_loweps_left,5,0.3,0.35,11,240,264,252.66666666666674,0.08688455947799925,0.0077917964690587555,8.967987541021923
Q3p85_W2p62_t0p21_loweps_left,5,0.3,0.35,12,264,288,23.666666666666668,0.008218824252714883,0.0018552922315002685,22.573693930581605
Q3p85_W2p62_t0p21_loweps_left,5,0.3,0.35,13,288,312,2.833333333333333,0.000983943748564458,0.0006106573755910073,62.0622242360843
Q3p85_W2p62_t0p21_loweps_left,5,0.3,0.35,14,312,336,2.0,0.0006945485283984408,0.0004950378925136467,71.27477379516654
Q3p85_W2p62_t0p21_loweps_left,5,0.3,0.35,15,336,360,0.8333333333333334,0.000289395220166017,0.0003530158312468436,121.9839882097325
Q3p85_W2p62_t0p21_loweps_left,6,0.35,0.402,1,0,24,1.0,0.0003472742641992204,0.00034866220908444205,100.39966822431316
Q3p85_W2p62_t0p21_loweps_left,6,0.35,0.402,2,24,48,0.8333333333333334,0.000289395220166017,0.0003530158312468436,121.9839882097325
Q3p85_W2p62_t0p21_loweps_left,6,0.35,0.402,3,48,72,3.6666666666666665,0.001273338968730475,0.000708578791171614,55.647302766369464
Q3p85_W2p62_t0p21_loweps_left,6,0.35,0.402,4,72,96,22.833333333333332,0.007929429032548866,0.0018497107141525054,23.32716147101864
Q3p85_W2p62_t0p21_loweps_left,6,0.35,0.402,5,96,120,133.49999999999994,0.044640971717921585,0.005300813747952587,11.874324289909039
Q3p85_W2p62_t0p21_loweps_left,6,0.35,0.402,6,120,144,308.9999999999999,0.10300739125587334,0.009467392494988094,9.19098365618329
Q3p85_W2p62_t0p21_loweps_left,6,0.35,0.402,7,144,168,408.1666666666665,0.1365853511792922,0.011644244810428226,8.525251580708032
Q3p85_W2p62_t0p21_loweps_left,6,0.35,0.402,8,168,192,369.8333333333332,0.12671345615700408,0.010470818839518229,8.263383508807761
Q3p85_W2p62_t0p21_loweps_left,6,0.35,0.402,9,192,216,483.3333333333331,0.16440894259094133,0.013047582483556416,7.93605401138035
Q3p85_W2p62_t0p21_loweps_left,6,0.35,0.402,10,216,240,379.6666666666667,0.12840817720228873,0.01088850332175411,8.479602747261827
Q3p85_W2p62_t0p21_loweps_left,6,0.35,0.402,11,240,264,172.8333333333334,0.057440354833420415,0.0063171279910042705,10.997717561676321
Q3p85_W2p62_t0p21_loweps_left,6,0.35,0.402,12,264,288,17.666666666666668,0.00613517866751956,0.0015744726903374191,25.663029157942603
Q3p85_W2p62_t0p21_loweps_left,6,0.35,0.402,13,288,312,1.0,0.0003472742641992204,0.00034866220908444205,100.39966822431316
Q3p85_W2p62_t0p21_loweps_left,6,0.35,0.402,14,312,336,0.8333333333333334,0.000289395220166017,0.0003530158312468436,121.9839882097325
Q3p85_W2p62_t0p21_loweps_left,6,0.35,0.402,15,336,360,0.0,0.0,0.0,0.0
Q3p85_W2p62_t0p21_loweps_left,7,0.402,0.5,1,0,24,1.0,0.0003472742641992204,0.00034866220908444205,100.39966822431316
Q3p85_W2p62_t0p21_loweps_left,7,0.402,0.5,2,24,48,0.0,0.0,0.0,0.0
Q3p85_W2p62_t0p21_loweps_left,7,0.402,0.5,3,48,72,1.0,0.0003472742641992204,0.00034866220908444205,100.39966822431316
Q3p85_W2p62_t0p21_loweps_left,7,0.402,0.5,4,72,96,12.666666666666668,0.004398807346523459,0.0013675410075580522,31.0889043285533
Q3p85_W2p62_t0p21_loweps_left,7,0.402,0.5,5,96,120,96.50000000000001,0.03279524043161046,0.004248236672550185,12.953820788139192
Q3p85_W2p62_t0p21_loweps_left,7,0.402,0.5,6,120,144,281.16666666666674,0.09678187600767692,0.008462420621548684,8.743807178192567
Q3p85_W2p62_t0p21_loweps_left,7,0.402,0.5,7,144,168,241.3333333333333,0.075208142996707,0.008618296393111305,11.459259662199955
Q3p85_W2p62_t0p21_loweps_left,7,0.402,0.5,8,168,192,166.5,0.05696109371283304,0.005893071942750226,10.345784391816457
Q3p85_W2p62_t0p21_loweps_left,7,0.402,0.5,9,192,216,183.8333333333333,0.05782008663426328,0.007135391157525238,12.340678772516602
Q3p85_W2p62_t0p21_loweps_left,7,0.402,0.5,10,216,240,280.0000000000001,0.09565999663583022,0.008538703044434739,8.926095907091533
Q3p85_W2p62_t0p21_loweps_left,7,0.402,0.5,11,240,264,99.3333333333333,0.03449591024378921,0.004693217851123198,13.60514280665542
Q3p85_W2p62_t0p21_loweps_left,7,0.402,0.5,12,264,288,14.16666666666667,0.004919718742822289,0.0014211249803665659,28.886305389712398
Q3p85_W2p62_t0p21_loweps_left,7,0.402,0.5,13,288,312,1.0,0.0003472742641992204,0.00034866220908444205,100.39966822431316
Q3p85_W2p62_t0p21_loweps_left,7,0.402,0.5,14,312,336,1.0,0.0003472742641992204,0.00034866220908444205,100.39966822431316
Q3p85_W2p62_t0p21_loweps_left,7,0.402,0.5,15,336,360,0.0,0.0,0.0,0.0
Q3p85_W2p62_t0p21_higheps_right,1,0.16,0.206,1,0,24,114.16666666666666,0.26114218843973874,0.036888504187167256,14.12583099175477
Q3p85_W2p62_t0p21_higheps_right,1,0.16,0.206,2,24,48,109.33333333333333,0.23917039605191046,0.03403460403212884,14.23027456322054
Q3p85_W2p62_t0p21_higheps_right,1,0.16,0.206,3,48,72,96.66666666666667,0.2211130938613846,0.03242654970256851,14.665142229386314
Q3p85_W2p62_t0p21_higheps_right,1,0.16,0.206,4,72,96,94.0,0.20955535345920828,0.029757662578580965,14.200382899964206
Q3p85_W2p62_t0p21_higheps_right,1,0.16,0.206,5,96,120,43.0,0.09835720382109867,0.01823618126422731,18.54076829735521
Q3p85_W2p62_t0p21_higheps_right,1,0.16,0.206,6,120,144,17.0,0.03888540616182971,0.010283975101780042,26.446875876726452
Q3p85_W2p62_t0p21_higheps_right,1,0.16,0.206,7,144,168,5.0,0.011436884165244032,0.005254998684477808,45.9478176796388
Q3p85_W2p62_t0p21_higheps_right,1,0.16,0.206,8,168,192,4.0,0.009149507332195226,0.004675391039513952,51.09992122813233
Q3p85_W2p62_t0p21_higheps_right,1,0.16,0.206,9,192,216,5.0,0.011436884165244032,0.005254998684477808,45.9478176796388
Q3p85_W2p62_t0p21_higheps_right,1,0.16,0.206,10,216,240,14.0,0.032023275662683294,0.009200703757789752,28.731301115804737
Q3p85_W2p62_t0p21_higheps_right,1,0.16,0.206,11,240,264,39.0,0.08920769648890343,0.017103984200324756,19.173215847415502
Q3p85_W2p62_t0p21_higheps_right,1,0.16,0.206,12,264,288,107.83333333333334,0.24665546849709627,0.03523850178976067,14.286527683522863
Q3p85_W2p62_t0p21_higheps_right,1,0.16,0.206,13,288,312,93.5,0.20841166504268388,0.029707045534725727,14.254022455336921
Q3p85_W2p62_t0p21_higheps_right,1,0.16,0.206,14,312,336,137.16666666666669,0.30829378675248176,0.038503367920235655,12.48918063702291
Q3p85_W2p62_t0p21_higheps_right,1,0.16,0.206,15,336,360,127.83333333333331,0.28694493631069296,0.036675337047205825,12.781315299983262
Q3p85_W2p62_t0p21_higheps_right,2,0.206,0.226,1,0,24,116.0,0.25987764378628203,0.03420889060421984,13.16346035226967
Q3p85_W2p62_t0p21_higheps_right,2,0.206,0.226,2,24,48,102.66666666666666,0.2348373548596774,0.03394788984195729,14.455915611143807
Q3p85_W2p62_t0p21_higheps_right,2,0.206,0.226,3,48,72,81.66666666666667,0.18680244136565244,0.028589564070151775,15.3047057956752
Q3p85_W2p62_t0p21_higheps_right,2,0.206,0.226,4,72,96,52.833333333333336,0.11539167383203243,0.021173519441398708,18.349261032662994
Q3p85_W2p62_t0p21_higheps_right,2,0.206,0.226,5,96,120,10.0,0.02287376833048807,0.007624901109638741,33.33469588163851
Q3p85_W2p62_t0p21_higheps_right,2,0.206,0.226,6,120,144,0.0,0.0,0.0,0.0
Q3p85_W2p62_t0p21_higheps_right,2,0.206,0.226,7,144,168,2.0,0.004574753666097613,0.0032706135692649823,71.49267060000857
Q3p85_W2p62_t0p21_higheps_right,2,0.206,0.226,8,168,192,0.0,0.0,0.0,0.0
Q3p85_W2p62_t0p21_higheps_right,2,0.206,0.226,9,192,216,0.0,0.0,0.0,0.0
Q3p85_W2p62_t0p21_higheps_right,2,0.206,0.226,10,216,240,0.0,0.0,0.0,0.0
Q3p85_W2p62_t0p21_higheps_right,2,0.206,0.226,11,240,264,8.0,0.01829901466439045,0.00675132455733853,36.89447044641417
Q3p85_W2p62_t0p21_higheps_right,2,0.206,0.226,12,264,288,50.0,0.11436884165244034,0.020175712329942044,17.6409169127154
Q3p85_W2p62_t0p21_higheps_right,2,0.206,0.226,13,288,312,79.83333333333334,0.17715084832435013,0.026866727892089538,15.166017067498622
Q3p85_W2p62_t0p21_higheps_right,2,0.206,0.226,14,312,336,98.83333333333334,0.22606907699965695,0.03296126294414774,14.580173184941058
Q3p85_W2p62_t0p21_higheps_right,2,0.206,0.226,15,336,360,86.0,0.19671440764219728,0.02966939921264567,15.082473911423497
Q3p85_W2p62_t0p21_higheps_right,3,0.226,0.262,1,0,24,261.1666666666667,0.5973865828979132,0.07311710592694302,12.239495834046533
Q3p85_W2p62_t0p21_higheps_right,3,0.226,0.262,2,24,48,232.00000000000003,0.5197552875725641,0.05781698129855868,11.1238851592225
Q3p85_W2p62_t0p21_higheps_right,3,0.226,0.262,3,48,72,153.66666666666669,0.346035504497787,0.041731419128685575,12.059866281424442
Q3p85_W2p62_t0p21_higheps_right,3,0.226,0.262,4,72,96,83.83333333333333,0.19175842450392488,0.029129797116048677,15.19088258646621
Q3p85_W2p62_t0p21_higheps_right,3,0.226,0.262,5,96,120,7.833333333333333,0.01791778519221565,0.006750717268667516,37.67606987274495
Q3p85_W2p62_t0p21_higheps_right,3,0.226,0.262,6,120,144,0.0,0.0,0.0,0.0
Q3p85_W2p62_t0p21_higheps_right,3,0.226,0.262,7,144,168,3.0,0.00686213049914642,0.004027395604386652,58.690163425012386
Q3p85_W2p62_t0p21_higheps_right,3,0.226,0.262,8,168,192,0.0,0.0,0.0,0.0
Q3p85_W2p62_t0p21_higheps_right,3,0.226,0.262,9,192,216,2.0,0.004574753666097613,0.0032706135692649823,71.49267060000857
Q3p85_W2p62_t0p21_higheps_right,3,0.226,0.262,10,216,240,5.0,0.011436884165244032,0.005254998684477808,45.9478176796388
Q3p85_W2p62_t0p21_higheps_right,3,0.226,0.262,11,240,264,17.0,0.03342733731445021,0.012891981016677148,38.56717899904073
Q3p85_W2p62_t0p21_higheps_right,3,0.226,0.262,12,264,288,84.49999999999999,0.18782527354524453,0.027865792754594748,14.83601872560684
Q3p85_W2p62_t0p21_higheps_right,3,0.226,0.262,13,288,312,171.83333333333334,0.38213144811746086,0.04622346426847308,12.096220946009332
Q3p85_W2p62_t0p21_higheps_right,3,0.226,0.262,14,312,336,221.83333333333337,0.48558415207514216,0.05733673785544808,11.807786067650628
Q3p85_W2p62_t0p21_higheps_right,3,0.226,0.262,15,336,360,263.5,0.6027237955083604,0.07367165165509915,12.223119811117071
Q3p85_W2p62_t0p21_higheps_right,4,0.262,0.3,1,0,24,233.00000000000006,0.522042664405613,0.05806200524835353,11.122080474871098
Q3p85_W2p62_t0p21_higheps_right,4,0.262,0.3,2,24,48,261.16666666666663,0.5864704452031543,0.06346545808990149,10.821595292481783
Q3p85_W2p62_t0p21_higheps_right,4,0.262,0.3,3,48,72,190.33333333333337,0.41353178183410483,0.05136428267527174,12.420879103284346
Q3p85_W2p62_t0p21_higheps_right,4,0.262,0.3,4,72,96,71.66666666666667,0.1639286730351644,0.02599673079537067,15.858562333261919
Q3p85_W2p62_t0p21_higheps_right,4,0.262,0.3,5,96,120,4.0,0.009149507332195226,0.004675391039513952,51.09992122813233
Q3p85_W2p62_t0p21_higheps_right,4,0.262,0.3,6,120,144,2.0,0.004574753666097613,0.0032706135692649823,71.49267060000857
Q3p85_W2p62_t0p21_higheps_right,4,0.262,0.3,7,144,168,1.0,0.0022873768330488064,0.002300059709670436,100.55447254857104
Q3p85_W2p62_t0p21_higheps_right,4,0.262,0.3,8,168,192,0.0,0.0,0.0,0.0
Q3p85_W2p62_t0p21_higheps_right,4,0.262,0.3,9,192,216,0.0,0.0,0.0,0.0
Q3p85_W2p62_t0p21_higheps_right,4,0.262,0.3,10,216,240,2.0,0.004574753666097613,0.0032706135692649823,71.49267060000857
Q3p85_W2p62_t0p21_higheps_right,4,0.262,0.3,11,240,264,4.0,0.009149507332195226,0.004675391039513952,51.09992122813233
Q3p85_W2p62_t0p21_higheps_right,4,0.262,0.3,12,264,288,85.83333333333334,0.1963331781700225,0.029643756860738835,15.098699637545545
Q3p85_W2p62_t0p21_higheps_right,4,0.262,0.3,13,288,312,216.1666666666667,0.49445462541071683,0.06208716342893441,12.556695849970447
Q3p85_W2p62_t0p21_higheps_right,4,0.262,0.3,14,312,336,266.83333333333337,0.604890316104477,0.06385601615044205,10.556627284377422
Q3p85_W2p62_t0p21_higheps_right,4,0.262,0.3,15,336,360,256.66666666666674,0.5707191806070551,0.06330319803652125,11.091829429876132
Q3p85_W2p62_t0p21_higheps_right,5,0.3,0.35,1,0,24,293.83333333333326,0.6666494905967949,0.06920753645547072,10.381397935745074
Q3p85_W2p62_t0p21_higheps_right,5,0.3,0.35,2,24,48,307.9999999999999,0.7045120645790324,0.08451662418727443,11.996476488699411
Q3p85_W2p62_t0p21_higheps_right,5,0.3,0.35,3,48,72,250.16666666666677,0.5722254377343764,0.07043652753969917,12.309226905147721
Q3p85_W2p62_t0p21_higheps_right,5,0.3,0.35,4,72,96,63.5,0.13433229120384013,0.024955346276607095,18.577324970017113
Q3p85_W2p62_t0p21_higheps_right,5,0.3,0.35,5,96,120,3.8333333333333335,0.008768277860020424,0.004682804457897569,53.406205102704874
Q3p85_W2p62_t0p21_higheps_right,5,0.3,0.35,6,120,144,0.0,0.0,0.0,0.0
Q3p85_W2p62_t0p21_higheps_right,5,0.3,0.35,7,144,168,0.0,0.0,0.0,0.0
Q3p85_W2p62_t0p21_higheps_right,5,0.3,0.35,8,168,192,0.0,0.0,0.0,0.0
Q3p85_W2p62_t0p21_higheps_right,5,0.3,0.35,9,192,216,0.0,0.0,0.0,0.0
Q3p85_W2p62_t0p21_higheps_right,5,0.3,0.35,10,216,240,0.0,0.0,0.0,0.0
Q3p85_W2p62_t0p21_higheps_right,5,0.3,0.35,11,240,264,3.0,0.0014040616517669172,0.009041698532020078,643.9673443571163
Q3p85_W2p62_t0p21_higheps_right,5,0.3,0.35,12,264,288,82.83333333333333,0.18947104767087605,0.028872409066424975,15.238427939965945
Q3p85_W2p62_t0p21_higheps_right,5,0.3,0.35,13,288,312,266.6666666666667,0.5990510177849225,0.06449783205874082,10.766667636628153
Q3p85_W2p62_t0p21_higheps_right,5,0.3,0.35,14,312,336,332.49999999999994,0.7550947281413486,0.0765859989863025,10.142568360239714
Q3p85_W2p62_t0p21_higheps_right,5,0.3,0.35,15,336,360,329.3333333333333,0.7260190927805092,0.0783390279263577,10.790215946847177
Q3p85_W2p62_t0p21_higheps_right,6,0.35,0.402,1,0,24,253.0000000000001,0.567790201066589,0.061954465501934765,10.911506641987453
Q3p85_W2p62_t0p21_higheps_right,6,0.35,0.402,2,24,48,308.4999999999999,0.7001976841481774,0.07204728492958654,10.289563441963589
Q3p85_W2p62_t0p21_higheps_right,6,0.35,0.402,3,48,72,190.33333333333337,0.4299059883762432,0.049019295002688965,11.40232895750884
Q3p85_W2p62_t0p21_higheps_right,6,0.35,0.402,4,72,96,57.66666666666667,0.12644732852510163,0.02223508966750982,17.584467720166845
Q3p85_W2p62_t0p21_higheps_right,6,0.35,0.402,5,96,120,3.0,0.00686213049914642,0.004027395604386652,58.690163425012386
Q3p85_W2p62_t0p21_higheps_right,6,0.35,0.402,6,120,144,0.0,0.0,0.0,0.0
Q3p85_W2p62_t0p21_higheps_right,6,0.35,0.402,7,144,168,0.0,0.0,0.0,0.0
Q3p85_W2p62_t0p21_higheps_right,6,0.35,0.402,8,168,192,0.0,0.0,0.0,0.0
Q3p85_W2p62_t0p21_higheps_right,6,0.35,0.402,9,192,216,0.0,0.0,0.0,0.0
Q3p85_W2p62_t0p21_higheps_right,6,0.35,0.402,10,216,240,0.0,0.0,0.0,0.0
Q3p85_W2p62_t0p21_higheps_right,6,0.35,0.402,11,240,264,0.0,0.0,0.0,0.0
Q3p85_W2p62_t0p21_higheps_right,6,0.35,0.402,12,264,288,42.0,0.09061175814067034,0.01877412527572737,20.719303610224024
Q3p85_W2p62_t0p21_higheps_right,6,0.35,0.402,13,288,312,191.50000000000003,0.43257459468146686,0.049236817024918514,11.38227201280159
Q3p85_W2p62_t0p21_higheps_right,6,0.35,0.402,14,312,336,263.5,0.597265726660981,0.06337162817625099,10.6102904197317
Q3p85_W2p62_t0p21_higheps_right,6,0.35,0.402,15,336,360,233.33333333333343,0.5009728479604445,0.061047256853940086,12.185741623019101
Q3p85_W2p62_t0p21_higheps_right,7,0.402,0.5,1,0,24,278.1666666666668,0.6144397136702251,0.068201936404414,11.0998581125273
Q3p85_W2p62_t0p21_higheps_right,7,0.402,0.5,2,24,48,346.49999999999994,0.7652857284145138,0.08164678668305755,10.668797764229822
Q3p85_W2p62_t0p21_higheps_right,7,0.402,0.5,3,48,72,266.83333333333337,0.5994322472570975,0.06466370975703234,10.787492673763005
Q3p85_W2p62_t0p21_higheps_right,7,0.402,0.5,4,72,96,58.5,0.13381154473335516,0.02254423341659526,16.847749169564487
Q3p85_W2p62_t0p21_higheps_right,7,0.402,0.5,5,96,120,0.8333333333333334,0.0019061473608740053,0.00232762384810521,122.11143250949652
Q3p85_W2p62_t0p21_higheps_right,7,0.402,0.5,6,120,144,0.0,0.0,0.0,0.0
Q3p85_W2p62_t0p21_higheps_right,7,0.402,0.5,7,144,168,0.0,0.0,0.0,0.0
Q3p85_W2p62_t0p21_higheps_right,7,0.402,0.5,8,168,192,0.0,0.0,0.0,0.0
Q3p85_W2p62_t0p21_higheps_right,7,0.402,0.5,9,192,216,0.0,0.0,0.0,0.0
Q3p85_W2p62_t0p21_higheps_right,7,0.402,0.5,10,216,240,0.0,0.0,0.0,0.0
Q3p85_W2p62_t0p21_higheps_right,7,0.402,0.5,11,240,264,0.0,0.0,0.0,0.0
Q3p85_W2p62_t0p21_higheps_right,7,0.402,0.5,12,264,288,42.50000000000001,0.09175544655719474,0.01896599133116924,20.670153154719813
Q3p85_W2p62_t0p21_higheps_right,7,0.402,0.5,13,288,312,310.99999999999994,0.6959096666772702,0.07366809912097022,10.585870932460258
Q3p85_W2p62_t0p21_higheps_right,7,0.402,0.5,14,312,336,331.8333333333332,0.7426536725578905,0.07785483052825605,10.483329364022932
Q3p85_W2p62_t0p21_higheps_right,7,0.402,0.5,15,336,360,242.50000000000017,0.5437727443195768,0.06011687281972544,11.055514173471442
Q3p85_W2p62_t0p21_higheps_center,1,0.16,0.206,1,0,24,24.833333333333336,0.0616214311630004,0.014104282052612833,22.888598635926396
Q3p85_W2p62_t0p21_higheps_center,1,0.16,0.206,2,24,48,29.666666666666668,0.07361486407391994,0.01578086458736287,21.43706272624046
Q3p85_W2p62_t0p21_higheps_center,1,0.16,0.206,3,48,72,41.0,0.09810202572845031,0.01946838245172871,19.845036131687884
Q3p85_W2p62_t0p21_higheps_center,1,0.16,0.206,4,72,96,78.66666666666667,0.18793271841488715,0.02966679717145312,15.785860717429529
Q3p85_W2p62_t0p21_higheps_center,1,0.16,0.206,5,96,120,95.0,0.23209762100906864,0.032580111436944025,14.037244886569104
Q3p85_W2p62_t0p21_higheps_center,1,0.16,0.206,6,120,144,78.0,0.18627845180648445,0.029471841659932087,15.82139070521637
Q3p85_W2p62_t0p21_higheps_center,1,0.16,0.206,7,144,168,84.0,0.2084375926587396,0.03209519261039793,15.39798661124683
Q3p85_W2p62_t0p21_higheps_center,1,0.16,0.206,8,168,192,92.0,0.2246534212712565,0.0318804809194675,14.190961677353487
Q3p85_W2p62_t0p21_higheps_center,1,0.16,0.206,9,192,216,88.0,0.21472782162084034,0.030944280442573413,14.410932038985546
Q3p85_W2p62_t0p21_higheps_center,1,0.16,0.206,10,216,240,94.0,0.22961622109646457,0.03234713085470158,14.087476355214537
Q3p85_W2p62_t0p21_higheps_center,1,0.16,0.206,11,240,264,96.83333333333333,0.23664685418217604,0.033024798235554945,13.955308364307145
Q3p85_W2p62_t0p21_higheps_center,1,0.16,0.206,12,264,288,95.83333333333334,0.23053008358125654,0.03359346920860487,14.572271300445674
Q3p85_W2p62_t0p21_higheps_center,1,0.16,0.206,13,288,312,50.833333333333336,0.12613782889070552,0.02240586258131979,17.763000028115094
Q3p85_W2p62_t0p21_higheps_center,1,0.16,0.206,14,312,336,29.0,0.07196059746551724,0.015482033793876804,21.514598737587793
Q3p85_W2p62_t0p21_higheps_center,1,0.16,0.206,15,336,360,31.833333333333332,0.0789912305512287,0.016457976058568927,20.835193911677738
Q3p85_W2p62_t0p21_higheps_center,2,0.206,0.226,1,0,24,32.0,0.07940479720332937,0.016476263376814584,20.749707772219775
Q3p85_W2p62_t0p21_higheps_center,2,0.206,0.226,2,24,48,31.0,0.07692339729072532,0.016147154072867702,20.991212870956453
Q3p85_W2p62_t0p21_higheps_center,2,0.206,0.226,3,48,72,59.0,0.14640259484363852,0.024825576462733097,16.95706041907755
Q3p85_W2p62_t0p21_higheps_center,2,0.206,0.226,4,72,96,82.0,0.2034747928335315,0.031522283918582465,15.491984770994085
Q3p85_W2p62_t0p21_higheps_center,2,0.206,0.226,5,96,120,76.0,0.18495102266959182,0.028108987514249315,15.198070877642555
Q3p85_W2p62_t0p21_higheps_center,2,0.206,0.226,6,120,144,94.0,0.23325159178478003,0.034943653761137776,14.98109980461788
Q3p85_W2p62_t0p21_higheps_center,2,0.206,0.226,7,144,168,74.0,0.18362359353269916,0.02921782637183806,15.911804038752258
Q3p85_W2p62_t0p21_higheps_center,2,0.206,0.226,8,168,192,68.0,0.16509982336875947,0.02619172843470552,15.864177138581706
Q3p85_W2p62_t0p21_higheps_center,2,0.206,0.226,9,192,216,79.0,0.19239522240740395,0.028821963428221506,14.980602463812714
Q3p85_W2p62_t0p21_higheps_center,2,0.206,0.226,10,216,240,77.0,0.18743242258219586,0.028346982034894136,15.123841246016529
Q3p85_W2p62_t0p21_higheps_center,2,0.206,0.226,11,240,264,83.0,0.19868545136950466,0.030628720657790858,15.415683658099951
Q3p85_W2p62_t0p21_higheps_center,2,0.206,0.226,12,264,288,82.0,0.19983942214521608,0.029532037862130517,14.777883935568356
Q3p85_W2p62_t0p21_higheps_center,2,0.206,0.226,13,288,312,54.83333333333333,0.13242805785280623,0.02299883047170333,17.3670375029335
Q3p85_W2p62_t0p21_higheps_center,2,0.206,0.226,14,312,336,42.0,0.1042187963293698,0.019667984218682245,18.87182054619415
Q3p85_W2p62_t0p21_higheps_center,2,0.206,0.226,15,336,360,22.0,0.05459079807728894,0.013063018226047876,23.92897463699546
Q3p85_W2p62_t0p21_higheps_center,3,0.226,0.262,1,0,24,76.0,0.18858639335790725,0.02979601276952208,15.799662021731306
Q3p85_W2p62_t0p21_higheps_center,3,0.226,0.262,2,24,48,91.83333333333333,0.22423985461915583,0.03186034576572717,14.208154843766776
Q3p85_W2p62_t0p21_higheps_center,3,0.226,0.262,3,48,72,139.83333333333331,0.3469824211124653,0.047785856987747115,13.771838018346921
Q3p85_W2p62_t0p21_higheps_center,3,0.226,0.262,4,72,96,206.83333333333334,0.5096008445686206,0.057852496330032185,11.352511862299714
Q3p85_W2p62_t0p21_higheps_center,3,0.226,0.262,5,96,120,173.83333333333334,0.42407927676437196,0.051100013285947696,12.049636963123765
Q3p85_W2p62_t0p21_higheps_center,3,0.226,0.262,6,120,144,174.83333333333334,0.4301960473652914,0.050727975347471345,11.791827390826029
Q3p85_W2p62_t0p21_higheps_center,3,0.226,0.262,7,144,168,122.83333333333333,0.30479862259819657,0.043060869405208466,14.12764566917805
Q3p85_W2p62_t0p21_higheps_center,3,0.226,0.262,8,168,192,91.49999999999999,0.22704809200326992,0.0342862719094361,15.100885282463558
Q3p85_W2p62_t0p21_higheps_center,3,0.226,0.262,9,192,216,111.83333333333333,0.2775032235595521,0.03998595387504996,14.409185364460816
Q3p85_W2p62_t0p21_higheps_center,3,0.226,0.262,10,216,240,152.66666666666669,0.37519168263590175,0.04577162753705203,12.199531507597495
Q3p85_W2p62_t0p21_higheps_center,3,0.226,0.262,11,240,264,185.66666666666669,0.45344250906351974,0.05373329411581555,11.85007868512134
Q3p85_W2p62_t0p21_higheps_center,3,0.226,0.262,12,264,288,193.83333333333331,0.47370727501645277,0.0555286481132633,11.72214383056175
Q3p85_W2p62_t0p21_higheps_center,3,0.226,0.262,13,288,312,129.5,0.3177059179939081,0.04055174926320926,12.763926312504767
Q3p85_W2p62_t0p21_higheps_center,3,0.226,0.262,14,312,336,79.83333333333334,0.19446305566790734,0.029040109506919418,14.933484104308443
Q3p85_W2p62_t0p21_higheps_center,3,0.226,0.262,15,336,360,79.0,0.19603059309571938,0.030660629330824245,15.64073691082138
Q3p85_W2p62_t0p21_higheps_center,4,0.262,0.3,1,0,24,67.83333333333334,0.16832162740497422,0.027446909821305786,16.306228881253485
Q3p85_W2p62_t0p21_higheps_center,4,0.262,0.3,2,24,48,94.83333333333333,0.2353194250452834,0.03519695352263764,14.957096515030393
Q3p85_W2p62_t0p21_higheps_center,4,0.262,0.3,3,48,72,172.83333333333334,0.42159787685176786,0.05087815402092667,12.067934117897664
Q3p85_W2p62_t0p21_higheps_center,4,0.262,0.3,4,72,96,230.33333333333337,0.5606430011381843,0.06412401173323036,11.437583560848807
Q3p85_W2p62_t0p21_higheps_center,4,0.262,0.3,5,96,120,210.5,0.5114285695382046,0.05976954504425612,11.68678259375012
Q3p85_W2p62_t0p21_higheps_center,4,0.262,0.3,6,120,144,119.0,0.29165121891156565,0.03811407610554244,13.068375386114663
Q3p85_W2p62_t0p21_higheps_center,4,0.262,0.3,7,144,168,47.66666666666667,0.11100932112416183,0.022349616828597093,20.13309927695123
Q3p85_W2p62_t0p21_higheps_center,4,0.262,0.3,8,168,192,32.0,0.07576942651501392,0.017085184185007738,22.54891579735299
Q3p85_W2p62_t0p21_higheps_center,4,0.262,0.3,9,192,216,45.0,0.10439225469055104,0.021646845198311844,20.736064435507576
Q3p85_W2p62_t0p21_higheps_center,4,0.262,0.3,10,216,240,137.83333333333334,0.33474887991062635,0.04308002609690404,12.869356309244665
Q3p85_W2p62_t0p21_higheps_center,4,0.262,0.3,11,240,264,214.66666666666669,0.5108616237757748,0.06227289251640694,12.189776960764524
Q3p85_W2p62_t0p21_higheps_center,4,0.262,0.3,12,264,288,216.50000000000003,0.5190462276371979,0.062148295359620256,11.973556891556985
Q3p85_W2p62_t0p21_higheps_center,4,0.262,0.3,13,288,312,165.33333333333334,0.41025811888386843,0.054861003288549155,13.372313858846175
Q3p85_W2p62_t0p21_higheps_center,4,0.262,0.3,14,312,336,108.83333333333334,0.27005902382174,0.0391444148979266,14.494762790731613
Q3p85_W2p62_t0p21_higheps_center,4,0.262,0.3,15,336,360,73.83333333333334,0.1832100268805985,0.029190092005161913,15.93258431438671
Q3p85_W2p62_t0p21_higheps_center,5,0.3,0.35,1,0,24,75.66666666666666,0.18048851867707502,0.02897137580320253,16.051644733722537
Q3p85_W2p62_t0p21_higheps_center,5,0.3,0.35,2,24,48,104.49999999999999,0.25567092017880705,0.034834526296512534,13.624751016717319
Q3p85_W2p62_t0p21_higheps_center,5,0.3,0.35,3,48,72,200.50000000000003,0.4829791997238489,0.0581276739956237,12.035233407330818
Q3p85_W2p62_t0p21_higheps_center,5,0.3,0.35,4,72,96,282.0,0.692484033977708,0.07495975474302988,10.824762891998017
Q3p85_W2p62_t0p21_higheps_center,5,0.3,0.35,5,96,120,227.83333333333334,0.5580748720449897,0.06302716150661554,11.293674856863031
Q3p85_W2p62_t0p21_higheps_center,5,0.3,0.35,6,120,144,61.0,0.14045928260390028,0.026458866937821967,18.837392906552733
Q3p85_W2p62_t0p21_higheps_center,5,0.3,0.35,7,144,168,14.833333333333336,0.025901319972013635,0.015478682159172313,59.76020595049605
Q3p85_W2p62_t0p21_higheps_center,5,0.3,0.35,8,168,192,22.0,0.05459079807728894,0.013063018226047876,23.92897463699546
Q3p85_W2p62_t0p21_higheps_center,5,0.3,0.35,9,192,216,21.0,0.048474027476369454,0.013991485292350954,28.86388035153804
Q3p85_W2p62_t0p21_higheps_center,5,0.3,0.35,10,216,240,66.0,0.16377239423186682,0.02688888984504033,16.41845072312455
Q3p85_W2p62_t0p21_higheps_center,5,0.3,0.35,11,240,264,212.66666666666669,0.5204403067038287,0.059696283997916745,11.470342175455023
Q3p85_W2p62_t0p21_higheps_center,5,0.3,0.35,12,264,288,264.6666666666667,0.6422023607826072,0.07215053277770815,11.234859474789744
Q3p85_W2p62_t0p21_higheps_center,5,0.3,0.35,13,288,312,185.1666666666667,0.4449310677305868,0.054802781085396574,12.317139678495224
Q3p85_W2p62_t0p21_higheps_center,5,0.3,0.35,14,312,336,91.49999999999999,0.2270480920032699,0.034286271909436096,15.100885282463555
Q3p85_W2p62_t0p21_higheps_center,5,0.3,0.35,15,336,360,55.50000000000001,0.1304469537728935,0.024256074421711998,18.594588620245986
Q3p85_W2p62_t0p21_higheps_center,6,0.35,0.402,1,0,24,35.0,0.0868489969411415,0.017451347163197052,20.093896046979125
Q3p85_W2p62_t0p21_higheps_center,6,0.35,0.402,2,24,48,63.83333333333334,0.15476065706624265,0.02520637487653591,16.287327383048492
Q3p85_W2p62_t0p21_higheps_center,6,0.35,0.402,3,48,72,138.0,0.33879781725104247,0.042519973940176585,12.550250259927184
Q3p85_W2p62_t0p21_higheps_center,6,0.35,0.402,4,72,96,219.50000000000003,0.5373965394399559,0.0612117882572556,11.390432160401897
Q3p85_W2p62_t0p21_higheps_center,6,0.35,0.402,5,96,120,131.83333333333331,0.31622510974668666,0.04241233476665616,13.412070534383155
Q3p85_W2p62_t0p21_higheps_center,6,0.35,0.402,6,120,144,32.0,0.07576942651501392,0.017085184185007738,22.54891579735299
Q3p85_W2p62_t0p21_higheps_center,6,0.35,0.402,7,144,168,13.833333333333334,0.030690661436040483,0.01185052874848329,38.612816387746676
Q3p85_W2p62_t0p21_higheps_center,6,0.35,0.402,8,168,192,7.0,0.0173697993882283,0.00683104059858647,39.32711280025457
Q3p85_W2p62_t0p21_higheps_center,6,0.35,0.402,9,192,216,9.0,0.022332599213436385,0.007829675146533889,35.05939936370314
Q3p85_W2p62_t0p21_higheps_center,6,0.35,0.402,10,216,240,23.666666666666664,0.05872646459829568,0.013741599327783627,23.39933013468416
Q3p85_W2p62_t0p21_higheps_center,6,0.35,0.402,11,240,264,140.33333333333334,0.3445877503804519,0.04301904387579817,12.484205787437821
Q3p85_W2p62_t0p21_higheps_center,6,0.35,0.402,12,264,288,202.66666666666669,0.49562630757778847,0.05749045270434563,11.599556324060242
Q3p85_W2p62_t0p21_higheps_center,6,0.35,0.402,13,288,312,151.5,0.37593208675951245,0.051037003659203675,13.576123309701032
Q3p85_W2p62_t0p21_higheps_center,6,0.35,0.402,14,312,336,70.83333333333333,0.17576582714278635,0.02832036327033838,16.112553691868587
Q3p85_W2p62_t0p21_higheps_center,6,0.35,0.402,15,336,360,42.833333333333336,0.10265125890155773,0.019972315548792918,19.456474048648847
Q3p85_W2p62_t0p21_higheps_center,7,0.402,0.5,1,0,24,13.666666666666668,0.03391246547225525,0.010006066058178543,29.505569467854787
Q3p85_W2p62_t0p21_higheps_center,7,0.402,0.5,2,24,48,61.66666666666667,0.14938429058893388,0.024703134686050496,16.53663486880759
Q3p85_W2p62_t0p21_higheps_center,7,0.402,0.5,3,48,72,166.50000000000006,0.40588234407194224,0.049568692665570034,12.212576720702103
Q3p85_W2p62_t0p21_higheps_center,7,0.402,0.5,4,72,96,258.83333333333337,0.6240921572707684,0.07136314931985208,11.434713365399734
Q3p85_W2p62_t0p21_higheps_center,7,0.402,0.5,5,96,120,109.5,0.2608071783651964,0.0374738263479664,14.36840296454322
Q3p85_W2p62_t0p21_higheps_center,7,0.402,0.5,6,120,144,8.0,0.01985119930083234,0.00734239583422967,36.98716497154815
Q3p85_W2p62_t0p21_higheps_center,7,0.402,0.5,7,144,168,0.0,0.0,0.0,0.0
Q3p85_W2p62_t0p21_higheps_center,7,0.402,0.5,8,168,192,0.0,0.0,0.0,0.0
Q3p85_W2p62_t0p21_higheps_center,7,0.402,0.5,9,192,216,3.0,0.007444199737812128,0.004373354069731513,58.74847832893929
Q3p85_W2p62_t0p21_higheps_center,7,0.402,0.5,10,216,240,8.0,0.01985119930083234,0.00734239583422967,36.98716497154815
Q3p85_W2p62_t0p21_higheps_center,7,0.402,0.5,11,240,264,109.49999999999999,0.2644425490535118,0.03673437958992902,13.89125151054854
Q3p85_W2p62_t0p21_higheps_center,7,0.402,0.5,12,264,288,281.6666666666667,0.6843861592968762,0.07584796402233197,11.082626817037996
Q3p85_W2p62_t0p21_higheps_center,7,0.402,0.5,13,288,312,165.0,0.40579561489135163,0.04858925409431525,11.973824336994033
Q3p85_W2p62_t0p21_higheps_center,7,0.402,0.5,14,312,336,49.50000000000001,0.1119231836089538,0.02387338940115187,21.330155765192163
Q3p85_W2p62_t0p21_higheps_center,7,0.402,0.5,15,336,360,11.833333333333334,0.0257278616108324,0.011203654033967309,43.54677510100625
Q3p85_W2p62_t0p21_higheps_left,1,0.16,0.206,1,0,24,0.0,0.0,0.0,0.0
Q3p85_W2p62_t0p21_higheps_left,1,0.16,0.206,2,24,48,0.0,0.0,0.0,0.0
Q3p85_W2p62_t0p21_higheps_left,1,0.16,0.206,3,48,72,0.0,0.0,0.0,0.0
Q3p85_W2p62_t0p21_higheps_left,1,0.16,0.206,4,72,96,0.0,0.0,0.0,0.0
Q3p85_W2p62_t0p21_higheps_left,1,0.16,0.206,5,96,120,0.0,0.0,0.0,0.0
Q3p85_W2p62_t0p21_higheps_left,1,0.16,0.206,6,120,144,3.0,0.005953608495995639,0.0034825327238322775,58.49448659875113
Q3p85_W2p62_t0p21_higheps_left,1,0.16,0.206,7,144,168,14.833333333333334,0.02943728645242288,0.008175228943839118,27.771679828750802
Q3p85_W2p62_t0p21_higheps_left,1,0.16,0.206,8,168,192,18.0,0.03572165097597383,0.009063922383622965,25.373749913516892
Q3p85_W2p62_t0p21_higheps_left,1,0.16,0.206,9,192,216,11.0,0.017078166481651842,0.009770709842727652,57.21170275055548
Q3p85_W2p62_t0p21_higheps_left,1,0.16,0.206,10,216,240,4.0,0.007938144661327518,0.0040385357806303,50.87505900849789
Q3p85_W2p62_t0p21_higheps_left,1,0.16,0.206,11,240,264,2.0,0.003969072330663759,0.0028312235172038187,71.33212200066772
Q3p85_W2p62_t0p21_higheps_left,1,0.16,0.206,12,264,288,0.0,0.0,0.0,0.0
Q3p85_W2p62_t0p21_higheps_left,1,0.16,0.206,13,288,312,0.0,0.0,0.0,0.0
Q3p85_W2p62_t0p21_higheps_left,1,0.16,0.206,14,312,336,0.0,0.0,0.0,0.0
Q3p85_W2p62_t0p21_higheps_left,1,0.16,0.206,15,336,360,0.0,0.0,0.0,0.0
Q3p85_W2p62_t0p21_higheps_left,2,0.206,0.226,1,0,24,1.0,0.0019845361653318795,0.0019932758331066653,100.44038843571914
Q3p85_W2p62_t0p21_higheps_left,2,0.206,0.226,2,24,48,0.0,0.0,0.0,0.0
Q3p85_W2p62_t0p21_higheps_left,2,0.206,0.226,3,48,72,0.0,0.0,0.0,0.0
Q3p85_W2p62_t0p21_higheps_left,2,0.206,0.226,4,72,96,1.0,0.0019845361653318795,0.0019932758331066653,100.44038843571914
Q3p85_W2p62_t0p21_higheps_left,2,0.206,0.226,5,96,120,6.0,0.011907216991991276,0.004988169397804137,41.891983669728624
Q3p85_W2p62_t0p21_higheps_left,2,0.206,0.226,6,120,144,25.833333333333336,0.04651545293407473,0.012853422173028798,27.632585221185856
Q3p85_W2p62_t0p21_higheps_left,2,0.206,0.226,7,144,168,51.0,0.10121134443192585,0.017066947647377335,16.862682482057593
Q3p85_W2p62_t0p21_higheps_left,2,0.206,0.226,8,168,192,45.0,0.08455239610293575,0.016294735098364786,19.27176029231301
Q3p85_W2p62_t0p21_higheps_left,2,0.206,0.226,9,192,216,44.0,0.0873195912746027,0.015511075177391897,17.763568233631165
Q3p85_W2p62_t0p21_higheps_left,2,0.206,0.226,10,216,240,24.0,0.047628867967965116,0.010702602957706293,22.470832111535376
Q3p85_W2p62_t0p21_higheps_left,2,0.206,0.226,11,240,264,2.0,0.003969072330663759,0.0028312235172038187,71.33212200066772
Q3p85_W2p62_t0p21_higheps_left,2,0.206,0.226,12,264,288,0.0,0.0,0.0,0.0
Q3p85_W2p62_t0p21_higheps_left,2,0.206,0.226,13,288,312,1.0,0.0019845361653318795,0.0019932758331066653,100.44038843571914
Q3p85_W2p62_t0p21_higheps_left,2,0.206,0.226,14,312,336,0.0,0.0,0.0,0.0
Q3p85_W2p62_t0p21_higheps_left,2,0.206,0.226,15,336,360,0.0,0.0,0.0,0.0
Q3p85_W2p62_t0p21_higheps_left,3,0.226,0.262,1,0,24,2.0,0.003969072330663759,0.0028312235172038187,71.33212200066772
Q3p85_W2p62_t0p21_higheps_left,3,0.226,0.262,2,24,48,0.0,0.0,0.0,0.0
Q3p85_W2p62_t0p21_higheps_left,3,0.226,0.262,3,48,72,0.0,0.0,0.0,0.0
Q3p85_W2p62_t0p21_higheps_left,3,0.226,0.262,4,72,96,5.0,0.009922680826659397,0.004534428061064982,45.69761075940561
Q3p85_W2p62_t0p21_higheps_left,3,0.226,0.262,5,96,120,36.0,0.07144330195194766,0.013668830945293016,19.132417696044605
Q3p85_W2p62_t0p21_higheps_left,3,0.226,0.262,6,120,144,117.66666666666666,0.22876202411705232,0.02779515739897306,12.150249809273811
Q3p85_W2p62_t0p21_higheps_left,3,0.226,0.262,7,144,168,153.83333333333334,0.3052878134335542,0.037806319788180276,12.38382867726517
Q3p85_W2p62_t0p21_higheps_left,3,0.226,0.262,8,168,192,176.0,0.3492783650984107,0.04207170793564108,12.045323197669914
Q3p85_W2p62_t0p21_higheps_left,3,0.226,0.262,9,192,216,162.0,0.31199139610976695,0.03507717344165674,11.242993838623565
Q3p85_W2p62_t0p21_higheps_left,3,0.226,0.262,10,216,240,122.0,0.2373616808334904,0.028413042682798272,11.970357887181489
Q3p85_W2p62_t0p21_higheps_left,3,0.226,0.262,11,240,264,43.0,0.080583323772272,0.01594811090650962,19.79083284226261
Q3p85_W2p62_t0p21_higheps_left,3,0.226,0.262,12,264,288,4.0,0.0031864133243286862,0.008106591492356234,254.41117228770472
Q3p85_W2p62_t0p21_higheps_left,3,0.226,0.262,13,288,312,0.0,0.0,0.0,0.0
Q3p85_W2p62_t0p21_higheps_left,3,0.226,0.262,14,312,336,1.0,0.0019845361653318795,0.0019932758331066653,100.44038843571914
Q3p85_W2p62_t0p21_higheps_left,3,0.226,0.262,15,336,360,1.0,0.0019845361653318795,0.0019932758331066653,100.44038843571914
Q3p85_W2p62_t0p21_higheps_left,4,0.262,0.3,1,0,24,2.0,0.003969072330663759,0.0028312235172038187,71.33212200066772
Q3p85_W2p62_t0p21_higheps_left,4,0.262,0.3,2,24,48,0.0,0.0,0.0,0.0
Q3p85_W2p62_t0p21_higheps_left,4,0.262,0.3,3,48,72,7.0,0.013891753157323156,0.00541037517664715,38.94666940432227
Q3p85_W2p62_t0p21_higheps_left,4,0.262,0.3,4,72,96,26.0,0.05159794029862888,0.011220470274770782,21.74596545875872
Q3p85_W2p62_t0p21_higheps_left,4,0.262,0.3,5,96,120,122.66666666666667,0.24343643628071052,0.0317450648410165,13.040391703898734
Q3p85_W2p62_t0p21_higheps_left,4,0.262,0.3,6,120,144,227.0,0.45048970953033657,0.0518209050328957,11.503238350754383
Q3p85_W2p62_t0p21_higheps_left,4,0.262,0.3,7,144,168,213.83333333333331,0.41960825201646795,0.04169430761174928,9.936484187663913
Q3p85_W2p62_t0p21_higheps_left,4,0.262,0.3,8,168,192,216.83333333333334,0.43031359184946255,0.04989251007334461,11.59445367712173
Q3p85_W2p62_t0p21_higheps_left,4,0.262,0.3,9,192,216,207.66666666666666,0.4121220103339205,0.04815234316874121,11.684001815318219
Q3p85_W2p62_t0p21_higheps_left,4,0.262,0.3,10,216,240,236.0,0.4635988036813246,0.044816693742571974,9.667128859413264
Q3p85_W2p62_t0p21_higheps_left,4,0.262,0.3,11,240,264,112.0,0.21276458784317268,0.027905254539914517,13.115554060379301
Q3p85_W2p62_t0p21_higheps_left,4,0.262,0.3,12,264,288,21.0,0.04167525947196948,0.009901379536473203,23.758411253882677
Q3p85_W2p62_t0p21_higheps_left,4,0.262,0.3,13,288,312,5.0,0.009922680826659397,0.004534428061064982,45.69761075940561
Q3p85_W2p62_t0p21_higheps_left,4,0.262,0.3,14,312,336,2.0,0.003969072330663759,0.0028312235172038187,71.33212200066772
Q3p85_W2p62_t0p21_higheps_left,4,0.262,0.3,15,336,360,2.0,0.003969072330663759,0.0028312235172038187,71.33212200066772
Q3p85_W2p62_t0p21_higheps_left,5,0.3,0.35,1,0,24,2.0,0.003969072330663759,0.0028312235172038187,71.33212200066772
Q3p85_W2p62_t0p21_higheps_left,5,0.3,0.35,2,24,48,3.0,0.005953608495995639,0.0034825327238322775,58.49448659875113
Q3p85_W2p62_t0p21_higheps_left,5,0.3,0.35,3,48,72,9.0,0.017860825487986915,0.006185579949033161,34.6321056280044
Q3p85_W2p62_t0p21_higheps_left,5,0.3,0.35,4,72,96,61.0,0.12105670608524469,0.019225011466596283,15.880996673623828
Q3p85_W2p62_t0p21_higheps_left,5,0.3,0.35,5,96,120,229.50000000000003,0.4459475872696687,0.0445857164688103,9.997972349573201
Q3p85_W2p62_t0p21_higheps_left,5,0.3,0.35,6,120,144,298.5,0.5876323140145674,0.05358737756658143,9.119201971805282
Q3p85_W2p62_t0p21_higheps_left,5,0.3,0.35,7,144,168,336.8333333333333,0.6637062003522899,0.05889708616945491,8.87396955734221
Q3p85_W2p62_t0p21_higheps_left,5,0.3,0.35,8,168,192,259.83333333333337,0.5061451842847356,0.0487864291490312,9.638821165111795
Q3p85_W2p62_t0p21_higheps_left,5,0.3,0.35,9,192,216,317.66666666666663,0.6114140631724323,0.0578748856452494,9.465743287773773
Q3p85_W2p62_t0p21_higheps_left,5,0.3,0.35,10,216,240,329.0,0.6339054730461936,0.059402066948394214,9.37080834196639
Q3p85_W2p62_t0p21_higheps_left,5,0.3,0.35,11,240,264,224.50000000000003,0.43602490644300934,0.043888708253748236,10.065642490880212
Q3p85_W2p62_t0p21_higheps_left,5,0.3,0.35,12,264,288,49.833333333333336,0.09414432090203986,0.017143471498625797,18.209777641780562
Q3p85_W2p62_t0p21_higheps_left,5,0.3,0.35,13,288,312,7.0,0.013891753157323158,0.00541037517664715,38.946669404322265
Q3p85_W2p62_t0p21_higheps_left,5,0.3,0.35,14,312,336,4.0,0.007938144661327518,0.0040385357806303,50.87505900849789
Q3p85_W2p62_t0p21_higheps_left,5,0.3,0.35,15,336,360,2.0,0.003969072330663759,0.0028312235172038187,71.33212200066772
Q3p85_W2p62_t0p21_higheps_left,6,0.35,0.402,1,0,24,1.0,0.0019845361653318795,0.0019932758331066653,100.44038843571914
Q3p85_W2p62_t0p21_higheps_left,6,0.35,0.402,2,24,48,0.0,0.0,0.0,0.0
Q3p85_W2p62_t0p21_higheps_left,6,0.35,0.402,3,48,72,6.0,0.011907216991991276,0.004988169397804137,41.891983669728624
Q3p85_W2p62_t0p21_higheps_left,6,0.35,0.402,4,72,96,84.0,0.16194930655087897,0.022644267336479472,13.982318182613158
Q3p85_W2p62_t0p21_higheps_left,6,0.35,0.402,5,96,120,237.83333333333334,0.46723711998443324,0.04508339496122669,9.648932636758122
Q3p85_W2p62_t0p21_higheps_left,6,0.35,0.402,6,120,144,281.66666666666663,0.5494742238944816,0.05181872446560432,9.430601511810924
Q3p85_W2p62_t0p21_higheps_left,6,0.35,0.402,7,144,168,239.66666666666669,0.4708754362875416,0.04534988624172644,9.630973023199578
Q3p85_W2p62_t0p21_higheps_left,6,0.35,0.402,8,168,192,192.0,0.37627921240672213,0.03858037523350744,10.253124265553557
Q3p85_W2p62_t0p21_higheps_left,6,0.35,0.402,9,192,216,252.83333333333334,0.4922534311274125,0.04781478669856879,9.713449145302686
Q3p85_W2p62_t0p21_higheps_left,6,0.35,0.402,10,216,240,297.5,0.5808960465122373,0.05401437227145873,9.29845754602168
Q3p85_W2p62_t0p21_higheps_left,6,0.35,0.402,11,240,264,235.0,0.4568625361789939,0.04532638762831055,9.92123101346882
Q3p85_W2p62_t0p21_higheps_left,6,0.35,0.402,12,264,288,54.0,0.10716495292792153,0.017721364261929034,16.536529693479466
Q3p85_W2p62_t0p21_higheps_left,6,0.35,0.402,13,288,312,5.0,0.009922680826659397,0.004534428061064982,45.69761075940561
Q3p85_W2p62_t0p21_higheps_left,6,0.35,0.402,14,312,336,0.0,0.0,0.0,0.0
Q3p85_W2p62_t0p21_higheps_left,6,0.35,0.402,15,336,360,0.0,0.0,0.0,0.0
Q3p85_W2p62_t0p21_higheps_left,7,0.402,0.5,1,0,24,0.0,0.0,0.0,0.0
Q3p85_W2p62_t0p21_higheps_left,7,0.402,0.5,2,24,48,0.0,0.0,0.0,0.0
Q3p85_W2p62_t0p21_higheps_left,7,0.402,0.5,3,48,72,4.0,0.007938144661327518,0.0040385357806303,50.87505900849789
Q3p85_W2p62_t0p21_higheps_left,7,0.402,0.5,4,72,96,108.83333333333333,0.2112319546566205,0.026457863403860922,12.52550233077705
Q3p85_W2p62_t0p21_higheps_left,7,0.402,0.5,5,96,120,333.66666666666663,0.6479183731547415,0.05952212311955334,9.18667004760764
Q3p85_W2p62_t0p21_higheps_left,7,0.402,0.5,6,120,144,387.66666666666663,0.7598350574196613,0.06641472193300915,8.740676188138542
Q3p85_W2p62_t0p21_higheps_left,7,0.402,0.5,7,144,168,169.83333333333334,0.3322886607418652,0.035412993894635605,10.657298330786496
Q3p85_W2p62_t0p21_higheps_left,7,0.402,0.5,8,168,192,88.66666666666667,0.15695528131143135,0.026616317681653047,16.957898746230036
Q3p85_W2p62_t0p21_higheps_left,7,0.402,0.5,9,192,216,142.83333333333331,0.27395445294090565,0.03236028271040522,11.812285715021984
Q3p85_W2p62_t0p21_higheps_left,7,0.402,0.5,10,216,240,340.5,0.670982832958507,0.059417984227126915,8.855365787100736
Q3p85_W2p62_t0p21_higheps_left,7,0.402,0.5,11,240,264,370.6666666666667,0.7118427485980233,0.06557047765039922,9.21137116020926
Q3p85_W2p62_t0p21_higheps_left,7,0.402,0.5,12,264,288,94.83333333333333,0.1834484483419742,0.02433317194794481,13.264310583093234
Q3p85_W2p62_t0p21_higheps_left,7,0.402,0.5,13,288,312,3.0,0.005953608495995639,0.0034825327238322775,58.49448659875113
Q3p85_W2p62_t0p21_higheps_left,7,0.402,0.5,14,312,336,0.0,0.0,0.0,0.0
Q3p85_W2p62_t0p21_higheps_left,7,0.402,0.5,15,336,360,1.0,0.0019845361653318795,0.0019932758331066653,100.44038843571914
