CPULT_scaler,CPULT_scaler_uncern,HMSTRIG_cut,HMSTRIG_scaler,HMS_eLT,HMS_eLT_uncern,HMS_track,HMS_track_uncern,PS2,PS4,SHMSTRIG_cut,SHMSTRIG_scaler,SHMS_eLT,SHMS_eLT_uncern,SHMS_track,SHMS_track_uncern,accp_edtm,charge,h_int_goodscin_evts,p_int_goodscin_evts,run number,sent_edtm,time,tot_events
0.997393218177266,0.0019121290350216848,199523,65040399.0,0.9276381898049768,0.0021907656529684184,0.9926,0.0002,513,129,761189,470186979.0,0.9276381898049768,0.0021907656529684184,0.9418,0.0028,610,32193.601882029147,25234.33333333333,598.0,12167,53062.0,589.794199,1395598
0.9973755077023532,0.0034431806119304227,57397,20318141.0,0.9773060142982002,0.0016178996901966278,0.9963,0.0003,513,129,224427,154052727.0,0.9773060142982002,0.0016178996901966278,0.9641,0.004,559,9815.7891764529,3614.666666666666,58.66666666666666,12172,50592.0,562.343295,462634
0.9973716098976274,0.0027663389868515373,90454,31558542.0,0.9682663035026232,0.0017180960799337234,0.9956,0.0002,513,129,354057,237151190.0,0.9682663035026232,0.0017180960799337234,0.9664,0.0031,574,15355.043869639268,7240.0,135.33333333333331,12170,56717.0,630.418938,708575
0.9930377263571653,0.001999492549422692,278445,20854169.0,0.9773457176922032,0.0016087750941922241,0.9962,0.0001,257,33,68940,157117003.0,0.9773457176922032,0.0016087750941922241,0.9738,0.0022,4546,10016.916411346334,11982.666666666668,234.66666666666663,12175,189193.0,573.358793,1254242
0.9973791531891972,0.00440995983077336,33767,12355752.0,0.9874765088115408,0.0013574916300960812,0.9961,0.0003,513,129,130016,94268183.0,0.9874765088115408,0.0013574916300960812,0.9739,0.0046,574,5912.407086873557,1295.3333333333333,14.333333333333336,12171,55177.0,613.292596,279518
0.9863314275665552,0.002672353290280112,156126,5927630.0,0.9937484362625923,0.0011537280548296626,0.9973,0.0001,129,17,53160,44978564.0,0.9937484362625923,0.0011537280548296626,0.9775,0.0031,4631,2757.6377985605486,2122.583333333333,33.0,12174,98202.0,577.7597990000003,703937
0.997393218177266,0.0019121290350216848,199523,65040399.0,0.9276381898049768,0.0021907656529684184,0.9926,0.0002,513,129,761189,470186979.0,0.9276381898049768,0.0021907656529684184,0.9418,0.0028,610,32193.601882029147,25234.33333333333,598.0,12167,53062.0,589.794199,1395598
