run number,time,HMSTRIG_cut,HMSTRIG_scaler,HMS_eLT,HMS_eLT_uncern,HMS_evts_scaler,HMS_evts_scaler_uncern,HMS_track,HMS_track_uncern,PS4,SHMSTRIG_cut,SHMSTRIG_scaler,SHMS_eLT,SHMS_eLT_uncern,SHMS_evts_scaler,SHMS_evts_scaler_uncern,SHMS_track,SHMS_track_uncern,accp_edtm,charge,h_int_goodscin_evts,p_int_goodscin_evts,,sent_edtm
12167,579.078181,53258,63571863,0.927700316170598,0.00220232674901,7288,85.3697838816522,0.9926,0.0002,513,96738,459598251,0.927700316170598,0.00220232674901,514,22.6715680975093,0.9359,0.0029,63,31465.6687346349,5873.5,62,,376391
12168,1145.626549,52584,45466235,0.948425194460577,0.002010451728994,4780,69.1375440697744,0.9945,0.0002,513,97415,334936584,0.948425194460577,0.002010451728994,439,20.952326839757,0.9498,0.0031,79,22306.5614890869,2215.91666666667,35,,194722
12170,585.757386,51890,31558542,0.968266303502623,0.001718096079934,4310,65.6505902486794,0.9956,0.0002,513,98108,237151190,0.968266303502623,0.001718096079934,354,18.8148877222268,0.9667,0.0031,114,15355.0438696393,3551.58333333333,24,,379517
12171,621.36153,51411,12355752,0.987476508811541,0.001357491630096,1443,37.9868398264452,0.9962,0.0003,513,98587,94268183,0.987476508811541,0.001357491630096,188,13.7113092008021,0.9772,0.0043,306,5912.40708687356,707,11.4166666666667,,6192
12172,1245.72146,51582,20318141,0.9773060142982,0.001617899690197,2412,49.1121166312347,0.9964,0.0002,513,98417,154052727,0.9773060142982,0.001617899690197,261,16.1554944214035,0.965,0.0039,193,9815.7891764529,1144.08333333333,16.6666666666667,,62186
12174,1204.937129,74993,5927630,0.993748436262592,0.00115372805483,1418,37.6563407675255,0.9973,0.0001,129,74996,44978564,0.993748436262592,0.00115372805483,156,12.4899959967968,0.9788,0.003,1490,2757.63779856055,1184,8,,36167
12175,403.357137,76243,20854169,0.977345717692203,0.001608775094192,4639,68.1102048154313,0.9962,0.0001,257,73747,157117003,0.977345717692203,0.001608775094192,438,20.9284495364563,0.9734,0.0022,788,10016.9164113463,3857.33333333333,29,,69657
