CPULT_scaler,CPULT_scaler_uncern,HMSTRIG_cut,HMSTRIG_scaler,HMS_eLT,HMS_eLT_uncern,HMS_track,HMS_track_uncern,PS2,PS4,SHMSTRIG_cut,SHMSTRIG_scaler,SHMS_eLT,SHMS_eLT_uncern,SHMS_track,SHMS_track_uncern,accp_edtm,charge,h_int_etotnorm_evts,h_int_goodscin_evts,p_int_etotnorm_evts,p_int_goodscin_evts,run number,sent_edtm,time,tot_events
0.9973791531891972,0.0044099598307733604,2413,12355752.0,0.9874765088115408,0.0013574916300960812,0.9961,0.0003,513,129,16032,94268183.0,0.9874765088115408,0.0013574916300960812,0.9739,0.0046,405,5912.407086873557,52903.661990422996,31522.33333333333,44556.851612825194,25083.333333333336,12171,55177.0,613.292596,279518
0.9973716098976274,0.0027663389868515373,5259,31558542.0,0.9682663035026232,0.0017180960799337234,0.9956,0.0002,513,129,34188,237151190.0,0.9682663035026232,0.0017180960799337234,0.9664,0.0031,460,15355.043869639268,138876.54266771133,82155.33333333334,105133.2951531042,58035.91666666666,12170,56717.0,630.418938,708575
0.9973755077023532,0.003443180611930423,3609,20318141.0,0.9773060142982002,0.0016178996901966278,0.9963,0.0003,513,129,24667,154052727.0,0.9773060142982002,0.0016178996901966278,0.9641,0.004,445,9815.7891764529,88922.75241882258,52831.99999999999,70442.2319088739,39221.41666666666,12172,50592.0,562.343295,462634
0.9863314275665552,0.002672353290280112,15488,5927630.0,0.9937484362625923,0.0011537280548296624,0.9973,0.0001,129,17,25285,44978564.0,0.9937484362625923,0.0011537280548296624,0.9775,0.0031,6444,2757.6377985605486,193087.42390061804,116048.66666666669,86059.13352775012,49800.0,12174,98202.0,577.7597990000003,711292
0.9930377263571653,0.001999492549422692,23366,20854169.0,0.9773457176922032,0.0016087750941922241,0.9962,0.0001,257,33,36451,157117003.0,0.9773457176922032,0.0016087750941922241,0.9738,0.0022,5914,10016.916411346334,348745.50407649035,208328.41666666663,149411.54659196018,84081.66666666669,12175,189193.0,573.358793,1254242
0.997393218177266,0.0019121290350216848,8138,65040399.0,0.9276381898049768,0.0021907656529684184,0.9926,0.0002,513,129,52329,470186979.0,0.9276381898049768,0.0021907656529684184,0.9418,0.0028,384,32193.60188202915,283229.2890885209,163856.66666666663,178044.54618754736,92279.66666666666,12167,53062.0,589.794199,1396711
