CPULT_scaler,CPULT_scaler_uncern,HMSTRIG_cut,HMSTRIG_scaler,HMS_eLT,HMS_eLT_uncern,HMS_evts_scaler,HMS_evts_scaler_uncern,HMS_track,HMS_track_uncern,PS4,SHMSTRIG_cut,SHMSTRIG_scaler,SHMS_eLT,SHMS_eLT_uncern,SHMS_evts_scaler,SHMS_evts_scaler_uncern,SHMS_track,SHMS_track_uncern,accp_edtm,charge,h_int_goodscin_evts,p_int_goodscin_evts,run number,sent_edtm,time,tot_events
0.99739259609508,0.004128817750324508,53258,66177142.0,0.9280373827172321,0.0021750557124846923,6013,77.54353615872827,0.9926,0.0002,513,96738,478553192.0,0.9280373827172321,0.0021750557124846923,514,22.67156809750927,0.9359,0.0029,63,32758.8480404058,2773.333333333333,62.0,12167,56592.0,629.0328400000002,150001
0.9973715749333428,0.005989342287640214,51890,31725574.0,0.968337826968784,0.0017138955583014832,3316,57.58472019555186,0.9956,0.0002,513,98108,238397782.0,0.968337826968784,0.0017138955583014832,354,18.814887722226782,0.9667,0.0031,114,15445.775722335557,1663.0,24.0,12170,59456.0,660.86005,150001
0.9973791531891972,0.009558170193024806,51411,12355752.0,0.9874765088115408,0.0013574916300960812,1443,37.986839826445156,0.9962,0.0003,513,98587,94268183.0,0.9874765088115408,0.0013574916300960812,188,13.711309200802088,0.9772,0.0043,306,5912.407086873557,707.0,11.416666666666664,12171,55177.0,613.292596,150001
0.9973755077023532,0.007467597237193636,51582,20318141.0,0.9773060142982002,0.0016178996901966278,2412,49.112116631234706,0.9964,0.0002,513,98417,154052727.0,0.9773060142982002,0.0016178996901966278,261,16.15549442140351,0.965,0.0039,193,9815.7891764529,1144.0833333333333,16.666666666666664,12172,50592.0,562.343295,150001
0.9863239732686776,0.008943129768530376,74993,6014315.0,0.9937612898565517,0.0011487699829760085,793,28.16025568065745,0.9973,0.0001,129,74996,45573256.0,0.9937612898565517,0.0011487699829760085,156,12.489995996796793,0.9788,0.003,1490,2823.1494808737707,425.33333333333326,8.0,12174,108799.0,640.1073380000001,150001
0.9930377263571653,0.006875783739472751,76243,20854169.0,0.9773457176922032,0.0016087750941922241,2553,50.527220386639115,0.9962,0.0001,257,73747,157117003.0,0.9773457176922032,0.0016087750941922241,438,20.928449536456352,0.9734,0.0022,788,10016.916411346334,1480.333333333333,29.0,12175,189193.0,573.358793,150001
