CPULT_scaler,CPULT_scaler_uncern,HMSTRIG_cut,HMSTRIG_scaler,HMS_eLT,HMS_eLT_uncern,HMS_track,HMS_track_uncern,PS2,PS4,SHMSTRIG_cut,SHMSTRIG_scaler,SHMS_eLT,SHMS_eLT_uncern,SHMS_track,SHMS_track_uncern,accp_edtm,charge,h_int_etotnorm_evts,h_int_goodscin_evts,p_int_etotnorm_evts,p_int_goodscin_evts,run number,sent_edtm,time,tot_events
0.9820522511987246,0.0019121451672089735,2,65040399.0,0.9276381898049768,0.0021907656529684184,0.993351827938387,0.0002,513,129,363010,470186979.0,0.9276381898049768,0.0021907656529684184,0.9759057372536064,0.0028,460,32193.60188202915,283229.2890885209,163856.66666666663,178044.54618754736,92279.66666666666,12167,53062.0,589.794199,1396711
0.9990821036859632,0.0027663389868515373,0,31558542.0,0.9682663035026232,0.0017180960799337234,0.9960470911747014,0.0002,513,129,232307,237151190.0,0.9682663035026232,0.0017180960799337234,0.9895679387985744,0.0031,496,15355.043869639268,138876.54266771133,82155.33333333334,105133.2951531042,58035.91666666666,12170,56717.0,630.418938,708575
0.9999153444596656,0.004410977273786142,0,12355752.0,0.9874765088115408,0.0013574916300960812,0.9963305679642628,0.0003,513,129,107653,94268183.0,0.9874765088115408,0.0013574916300960812,0.9957121102829206,0.0046,424,5912.407086873557,52903.661990422996,31522.33333333333,44556.851612825194,25083.333333333336,12171,55177.0,613.292596,279518
0.9998783702134654,0.0034439456813594874,0,20318141.0,0.9773060142982002,0.0016178996901966278,0.9964547118023788,0.0003,513,129,165871,154052727.0,0.9773060142982002,0.0016178996901966278,0.9930398602835422,0.004,469,9815.7891764529,88922.75241882258,52831.99999999999,70442.2319088739,39221.41666666666,12172,50592.0,562.343295,462634
0.9997201477540448,0.002677001383048141,0,5927630.0,0.9937484362625923,0.0011537280548296624,0.9971958006248864,0.0001,129,17,157884,44978564.0,0.9937484362625923,0.0011537280548296624,0.9972982781563772,0.0031,6560,2757.6377985605486,193087.42390061804,116048.66666666669,86059.13352775012,49800.0,12174,98202.0,577.7597990000003,711292
0.9971352557716558,0.002000434839196715,0,20854169.0,0.9773457176922032,0.0016087750941922241,0.9960309019183168,0.0001,257,33,242125,157117003.0,0.9773457176922032,0.0016087750941922241,0.9932567013030644,0.0022,6307,10016.916411346334,348745.50407649035,208328.41666666663,149411.54659196018,84081.66666666669,12175,189193.0,573.358793,1254242
