CPULT_scaler,CPULT_scaler_uncern,HMSTRIG_cut,HMSTRIG_scaler,HMS_eLT,HMS_eLT_uncern,HMS_track,HMS_track_uncern,PS2,PS4,SHMSTRIG_cut,SHMSTRIG_scaler,SHMS_eLT,SHMS_eLT_uncern,SHMS_track,SHMS_track_uncern,accp_edtm,charge,h_int_goodscin_evts,p_int_goodscin_evts,run number,sent_edtm,time,tot_events
0.9973791531891972,0.009558170193024806,95769,12355752.0,0.9874765088115408,0.0013574916300960812,0.9962,0.0003,513,513,183746,94268183.0,0.9874765088115408,0.0013574916300960812,0.9772,0.0043,576,5912.407086873557,1321.3333333333333,13.416666666666668,12171,55177.0,613.292596,279518
0.9863314275665552,0.00900252071627951,352214,5927630.0,0.9937484362625923,0.0011537280548296626,0.9973,0.0001,129,129,351656,44978564.0,0.9937484362625923,0.0011537280548296626,0.9788,0.003,6712,2757.6377985605486,2141.666666666667,31.0,12174,98202.0,577.7597990000003,703937
0.9973755077023532,0.007467597237193636,159162,20318141.0,0.9773060142982002,0.0016178996901966278,0.9964,0.0002,513,513,303462,154052727.0,0.9773060142982002,0.0016178996901966278,0.965,0.0039,565,9815.7891764529,3662.666666666666,50.0,12172,50592.0,562.343295,462634
0.9973716098976274,0.006005075810685756,245206,31558542.0,0.9682663035026232,0.0017180960799337234,0.9957,0.0002,513,513,463359,237151190.0,0.9682663035026232,0.0017180960799337234,0.9667,0.0031,581,15355.043869639268,7351.0,123.08333333333331,12170,56717.0,630.418938,708575
0.9930377263571653,0.006875783739472751,637441,20854169.0,0.9773457176922032,0.0016087750941922241,0.9963,0.0001,257,257,616691,157117003.0,0.9773457176922032,0.0016087750941922241,0.9734,0.0022,6890,10016.916411346334,12079.999999999998,218.66666666666663,12175,189193.0,573.358793,1254242
0.997393218177266,0.004163899908401189,495057,65040399.0,0.9276381898049768,0.0021907656529684184,0.9928,0.0002,513,513,900468,470186979.0,0.9276381898049768,0.0021907656529684184,0.9359,0.0029,626,32193.601882029147,25779.0,522.0,12167,53062.0,589.794199,1395598
