rate_SHMS,yieldRel_COIN_track,uncern_yieldRel_COIN_track
601924.775352148,0.961256474341311,0.009094051474889
470734.926524035,0.969198494224915,0.00741483961436
347856.111105973,0.969491522140351,0.006522870622865
223599.311554725,0.978862230404918,0.005182183813895
116959.825702855,1,0.006188586319604
117162.274133072,1.00304451377034,0.006126967276887
