rate_COIN,yieldRel_COIN_track,uncern_yieldRel_COIN_track
2121.06536943267,0.961256474341311,0.009094051474889
1354.26356712637,0.969198494224915,0.00741483961436
781.631120921089,0.969491522140351,0.006522870622865
353.369905654584,0.978862230404918,0.005182183813895
116.212514350399,1,0.006188586319604
116.628493922412,1.00304451377034,0.006126967276887
