rate_COIN,yieldRel_COIN_track,uncern_yieldRel_COIN_track
1636.28063634427,0.903624031821904,0.016800778385384
1639.55395376542,0.906954088170887,0.007062352269602
1612.32437164799,0.909526727443881,0.007025991901755
1616.72446997728,0.93260885435313,0.007650826843756
759.560809490079,0.95620307401727,0.004693509528485
194.546873507136,0.99783752763323,0.002464129035493
1161.71635900576,0.931699340692285,0.005876209262679
344.012172763293,0.981291104402067,0.003018801084691
101.820552568552,1,0.001832183309936
