rate_COIN,yieldRel_COIN_track,uncern_yieldRel_COIN_track
2121.06536943267,0.982515752526975,0.009873937253983
1354.26356712637,0.989719688946515,0.008038554176396
781.631120921089,0.986277641257577,0.006940635741028
353.369905654584,0.988506666024557,0.005418222234246
116.212514350399,1,0.006247635884386
116.628493922412,1.00306640975205,0.006186796657734
