current,yieldRel_COIN_track,uncern_yieldRel_COIN_track
79.3448798926113,0.945760926957133,0.016447240938605
78.6440598283496,0.951447366864413,0.01828386498832
78.6668868864065,0.960401521507631,0.043060522230143
49.3470951965908,0.981982946691342,0.019635289233308
19.8524006413549,1.00271827961651,0.017263676236442
64.1433411450438,0.967801694025635,0.021551397153976
29.7359395436875,0.993858743828502,0.017086500092283
11.9503265256691,1,0.01679347831664
