rate_COIN,yieldRel_COIN_track,uncern_yieldRel_COIN_track
2121.06536943267,0.921494935645669,0.007509993556484
1354.26356712637,0.942369311120958,0.006155887246772
781.631120921089,0.95155593792978,0.005714326910191
353.369905654584,0.969667330870363,0.004741257198639
116.212514350399,1,0.006096228106861
116.628493922412,1.00299109195201,0.006032919753532
