rate_Det,yieldRel_COIN_track,uncern_yieldRel_COIN_track
301044.832809665,0.945760926957133,0.011356231783613
301241.73972415,0.948281104464222,0.012682134364285
298356.249462416,0.951447366864413,0.012800627645574
298466.976164861,0.960401521507631,0.035956668696829
189933.102375343,0.981982946691342,0.012404211345382
76397.5006587457,1.00271827961651,0.007784367541935
245918.002295165,0.967801694025635,0.014922158611682
114234.795169937,0.993858743828502,0.008755782334861
45998.4467048476,1,0.006155621252178
