current,yieldRel_COIN_track,uncern_yieldRel_COIN_track
61.3426933290595,1.03510810491252,0.005530009396118
49.2018273465189,1.02864766324412,0.004508436889181
37.4718131168893,1.03751776178916,0.003579208000749
24.8942744579762,1.03284178343072,0.002629963687724
13.4206187066025,1,0.00216884705675
13.4395945621814,1.01731795211835,0.002172424847681
