rate_HMS3-4,yieldRel_COIN_track,uncern_yieldRel_COIN_track
136970.800689107,0.945760926957133,0.011356231783613
136992.362938362,0.948281104464222,0.012682134364285
135775.066389468,0.951447366864413,0.012800627645574
135842.899627884,0.960401521507631,0.035956668696829
86003.882876205,0.981982946691342,0.012404211345382
34487.9334300312,1.00271827961651,0.007784367541935
111534.431778886,0.967801694025635,0.014922158611682
51608.3340450841,0.993858743828502,0.008755782334861
20738.3787791016,1,0.006155621252178
