rate_HMS3-4,yieldRel_COIN_track,uncern_yieldRel_COIN_track
136970.800689107,0.908948623202873,0.00702031343299805
136992.362938362,0.910961885003207,0.00706591948468147
135775.066389468,0.909432483981866,0.00702956046555146
135842.899627884,0.949431840087385,0.00803598644895665
86003.882876205,0.958600161093758,0.00470328076812631
34487.9334300312,0.995938705448049,0.0024641536756066
111534.431778886,0.932272685953998,0.0058529409178088
51608.3340450841,0.982101298275487,0.00302716542559891
20738.3787791016,1,0.0018322009813172
