rate_SHMS,yieldRel_COIN_track,uncern_yieldRel_COIN_track
601924.775352148,0.899086815025029,0.005496604602855
470734.926524035,0.923868046595993,0.034064098259114
347856.111105973,0.947861367535469,0.003548761583813
223599.311554725,0.977253650532476,0.002573878031704
116959.825702855,1,0.001836461029678
117162.274133072,1.01983607439002,0.001837473107541
