current,yieldRel_COIN_track,uncern_yieldRel_COIN_track
61.3426933290595,0.961256474341311,0.009094051474889
49.2018273465189,0.969198494224915,0.00741483961436
37.4718131168893,0.969491522140351,0.006522870622865
24.8942744579762,0.978862230404918,0.005182183813895
13.4206187066025,1,0.006188586319604
13.4395945621814,1.00304451377034,0.006126967276887
