rate_COIN,yieldRel_COIN_track,uncern_yieldRel_COIN_track
1636.28063634427,0.991128648686545,0.00716777362029959
1639.55395376542,0.99348338236134,0.00721309013338662
1612.32437164799,0.989879509757211,0.00717215264330505
1616.72446997728,1.03390738274775,0.0081617622325089
759.560809490079,0.992199264181318,0.00474598511772184
194.546873507136,1.00021718502939,0.00246916540581929
1161.71635900576,0.987918142840574,0.00593711528687881
344.012172763293,0.993661999565724,0.00304013662667137
101.820552568552,1,0.00183402805612792
