current,yieldRel_COIN_track,uncern_yieldRel_COIN_track
79.3448798926113,0.933806564601493,0.00702031343299805
79.5033216174299,0.937001263978651,0.00706591948468147
78.6440598283496,0.933810976935888,0.00702956046555146
78.6668868864065,0.971445045698221,0.00803598644895665
49.3470951965908,0.972872845221979,0.00470328076812631
19.8524006413549,0.999472389924786,0.0024641536756066
64.1433411450438,0.952342268644343,0.0058529409178088
29.7359395436875,0.988618673360514,0.00302716542559891
11.9503265256691,1,0.0018322009813172
