rate_COIN,yieldRel_COIN_track,uncern_yieldRel_COIN_track
1636.28063634427,0.945760926957133,0.011356231783613
1639.55395376542,0.948281104464222,0.012682134364285
1612.32437164799,0.951447366864413,0.012800627645574
1616.72446997728,0.960401521507631,0.035956668696829
759.560809490079,0.981982946691342,0.012404211345382
194.546873507136,1.00271827961651,0.007784367541935
1161.71635900576,0.967801694025635,0.014922158611682
344.012172763293,0.993858743828502,0.008755782334861
101.820552568552,1,0.006155621252178
