rate_COIN,yieldRel_COIN_track,uncern_yieldRel_COIN_track
1636.28063634427,0.948362037899418,0.0070211884827
1639.55395376542,0.951637612206304,0.007067128994237
1612.32437164799,0.948579468043408,0.007030846609141
1616.72446997728,0.986861828234235,0.008048001923841
759.560809490079,0.982163326015595,0.004706504140096
194.546873507136,1.00175170654902,0.002468888455029
1161.71635900576,0.964490277568441,0.005855922710733
344.012172763293,0.993844699703575,0.003031081964106
101.820552568552,1,0.001837365459001
