rate_SHMS3-4,yieldRel_COIN_track,uncern_yieldRel_COIN_track
164074.032120558,0.908948623202873,0.00702031343299805
164249.376785788,0.910961885003207,0.00706591948468147
162581.183072949,0.909432483981866,0.00702956046555146
162624.076536978,0.949431840087385,0.00803598644895665
103929.219499139,0.958600161093758,0.00470328076812631
41909.5672287145,0.995938705448049,0.0024641536756066
134383.570516279,0.932272685953998,0.0058529409178088
62626.461124853,0.982101298275487,0.00302716542559891
25260.0679257459,1,0.0018322009813172
