rate_SHMS3-4,yieldRel_COIN_track,uncern_yieldRel_COIN_track
164074.032120558,0.942884705827709,0.007020841185306
164249.376785788,0.946137072382668,0.007066649470932
162581.183072949,0.943005299894122,0.007030335297974
162624.076536978,0.981144358477244,0.008043290203078
103929.219499139,0.978674105351947,0.004705199116832
41909.5672287145,1.00078791845698,0.0024667415997
134383.570516279,0.959756836118071,0.005854699728789
62626.461124853,0.991706112591405,0.003029372826868
25260.0679257459,1,0.001834939668062
