rate_Det,yieldRel_COIN_track,uncern_yieldRel_COIN_track
301044.832809665,0.933806564601493,0.00702031343299805
301241.73972415,0.937001263978651,0.00706591948468147
298356.249462416,0.933810976935888,0.00702956046555146
298466.976164861,0.971445045698221,0.00803598644895665
189933.102375343,0.972872845221979,0.00470328076812631
76397.5006587457,0.999472389924786,0.0024641536756066
245918.002295165,0.952342268644343,0.0058529409178088
114234.795169937,0.988618673360514,0.00302716542559891
45998.4467048476,1,0.0018322009813172