rate_HMS3-4,yieldRel_COIN_track,uncern_yieldRel_COIN_track
174824.969539529,0.899086815025029,0.005496604602855
141117.92984712,0.923868046595993,0.034064098259114
107800.927323558,0.947861367535469,0.003548761583813
71900.1703852206,0.977253650532476,0.002573878031704
38952.0129832734,1,0.001836461029678
39014.8539232875,1.01983607439002,0.001837473107541
