rate_HMS3-4,yieldRel_COIN_track,uncern_yieldRel_COIN_track
174824.969539529,0.974214868114163,0.005516720128771
141117.92984712,0.972361247096977,0.004492396293563
107800.927323558,0.989199343075622,0.003550874248723
71900.1703852206,0.99922788326694,0.002576779130881
38952.0129832734,1,0.001849486584822
39014.8539232875,1.01872647485485,0.001863399755518
