rate_Det,yieldRel_COIN_track,uncern_yieldRel_COIN_track
776749.744891677,1.03510810491252,0.005530009396118
611852.856371155,1.02864766324412,0.004508436889181
455657.03842953,1.03751776178916,0.003579208000749
295499.481939945,1.03284178343072,0.002629963687724
155911.838686128,1,0.00216884705675
156177.12805636,1.01731795211835,0.002172424847681
