rate_HMS3-4,yieldRel_COIN_track,uncern_yieldRel_COIN_track
136970.800689107,0.991128648686545,0.00716777362029959
136992.362938362,0.99348338236134,0.00721309013338662
135775.066389468,0.989879509757211,0.00717215264330505
135842.899627884,1.03390738274775,0.0081617622325089
86003.882876205,0.992199264181318,0.00474598511772184
34487.9334300312,1.00021718502939,0.00246916540581929
111534.431778886,0.987918142840574,0.00593711528687881
51608.3340450841,0.993661999565724,0.00304013662667137
20738.3787791016,1,0.00183402805612792
