rate_SHMS3-4,yieldRel_COIN_track,uncern_yieldRel_COIN_track
164074.032120558,0.948362037899418,0.0070211884827
164249.376785788,0.951637612206304,0.007067128994237
162581.183072949,0.948579468043408,0.007030846609141
162624.076536978,0.986861828234235,0.008048001923841
103929.219499139,0.982163326015595,0.004706504140096
41909.5672287145,1.00175170654902,0.002468888455029
134383.570516279,0.964490277568441,0.005855922710733
62626.461124853,0.993844699703575,0.003031081964106
25260.0679257459,1,0.001837365459001
