rate_COIN,yieldRel_COIN_track,uncern_yieldRel_COIN_track
2121.06536943267,0.961256474341311,0.012733509078549
1354.26356712637,0.969198494224915,0.011320164997958
781.631120921089,0.969491522140351,0.01102866550063
353.369905654584,0.978862230404918,0.010384415940772
116.212514350399,1,0.013560064602472
116.628493922412,1.00304451377034,0.013512606536938
