rate_Det,yieldRel_COIN_track,uncern_yieldRel_COIN_track
776749.744891677,0.942662821597085,0.00551523379664179
611852.856371155,0.947917736361435,0.0044909275789599
455657.03842953,0.972022623825679,0.00354881126825544
295499.481939945,0.989838708350622,0.00257392127746649
155911.838686128,1,0.00183651104861824
156177.12805636,1.01885357861971,0.00185121218572578
