current,yieldRel_COIN_track,uncern_yieldRel_COIN_track
79.3448798926113,0.908948623202873,0.00702031343299805
79.5033216174299,0.910961885003207,0.00706591948468147
78.6440598283496,0.909432483981866,0.00702956046555146
78.6668868864065,0.949431840087385,0.00803598644895665
49.3470951965908,0.958600161093758,0.00470328076812631
19.8524006413549,0.995938705448049,0.0024641536756066
64.1433411450438,0.932272685953998,0.0058529409178088
29.7359395436875,0.982101298275487,0.00302716542559891
11.9503265256691,1,0.0018322009813172
