rate_SHMS,yieldRel_COIN_track,uncern_yieldRel_COIN_track
601924.775352148,0.912212832752966,0.0055152337966418
470734.926524035,0.92555933047527,0.00449092757895991
347856.111105973,0.956905419848394,0.00354881126825544
223599.311554725,0.982951590282852,0.0025739212774665
116959.825702855,1,0.00183651104861845
117162.274133072,1.01890958801859,0.00185121218572595
