rate_Det,yieldRel_COIN_track,uncern_yieldRel_COIN_track
776749.744891677,0.982515752526975,0.009873937253983
611852.856371155,0.989719688946515,0.008038554176396
455657.03842953,0.986277641257577,0.006940635741028
295499.481939945,0.988506666024557,0.005418222234246
155911.838686128,1,0.006247635884386
156177.12805636,1.00306640975205,0.006186796657734
