current,yieldRel_COIN_notrack,uncern_COIN_evts_notrack
61.3426933290595,0.913476223814202,5.94665494120459E-06
49.2018273465189,0.93757692868851,4.23246542980112E-07
37.4718131168893,0.947656996769109,3.67705009422959E-07
24.8942744579762,0.968553847261136,3.36141618880064E-07
13.4206187066025,1,1.14480412813824E-06
13.4395945621814,1.00396562554691,1.11619501543967E-06
