current,yieldRel_COIN_track,uncern_yieldRel_COIN_track
61.3426933290595,0.921494935645669,0.007509993556484
49.2018273465189,0.942369311120958,0.006155887246772
37.4718131168893,0.95155593792978,0.005714326910191
24.8942744579762,0.969667330870363,0.004741257198639
13.4206187066025,1,0.006096228106861
13.4395945621814,1.00299109195201,0.006032919753532
