current,yieldRel_COIN_track,uncern_yieldRel_COIN_track
61.3426933290595,0.943909273289834,0.00551523379664179
49.2018273465189,0.950096560881899,0.0044909275789599
37.4718131168893,0.974327504644188,0.00354881126825544
24.8942744579762,0.992203885564931,0.00257392127746649
13.4206187066025,1,0.00183651104861824
13.4395945621814,1.01908508937251,0.00185121218572578
