current,yieldRel_COIN_track,uncern_yieldRel_COIN_track
61.3426933290595,0.961256474341311,0.012733509078549
49.2018273465189,0.969198494224915,0.011320164997958
37.4718131168893,0.969491522140351,0.01102866550063
24.8942744579762,0.978862230404918,0.010384415940772
13.4206187066025,1,0.013560064602472
13.4395945621814,1.00304451377034,0.013512606536938
