current,yieldRel_COIN_track,uncern_yieldRel_COIN_track
79.3448798926113,0.903624031821904,0.016800778385384
79.5033216174299,0.906954088170887,0.007062352269602
78.6440598283496,0.909526727443881,0.007025991901755
78.6668868864065,0.93260885435313,0.007650826843756
49.3470951965908,0.95620307401727,0.004693509528485
19.8524006413549,0.99783752763323,0.002464129035493
64.1433411450438,0.931699340692285,0.005876209262679
29.7359395436875,0.981291104402067,0.003018801084691
11.9503265256691,1,0.001832183309936
