current,yieldRel_COIN_track,uncern_yieldRel_COIN_track
79.3448798926113,0.901241163804343,0.00702031343299805
79.5033216174299,0.903190137904038,0.00706591948468147
78.6440598283496,0.901506882640763,0.00702956046555147
78.6668868864065,0.94133523738058,0.00803598644896906
49.3470951965908,0.953627728709102,0.00470328076812632
19.8524006413549,0.994735539551506,0.00246415367560662
64.1433411450438,0.926031383950221,0.00585294091780882
29.7359395436875,0.979438338415706,0.00302716542559892
11.9503265256691,1,0.00183220098131723
