rate_SHMS,yieldRel_COIN_track,uncern_yieldRel_COIN_track
601924.775352148,1.03510810491252,0.005530009396118
470734.926524035,1.02864766324412,0.004508436889181
347856.111105973,1.03751776178916,0.003579208000749
223599.311554725,1.03284178343072,0.002629963687724
116959.825702855,1,0.00216884705675
117162.274133072,1.01731795211835,0.002172424847681
