rate_Det,yieldRel_COIN_track,uncern_yieldRel_COIN_track
301044.832809665,0.901241163804343,0.00702031343299805
301241.73972415,0.903190137904038,0.00706591948468147
298356.249462416,0.901506882640763,0.00702956046555147
298466.976164861,0.94133523738058,0.00803598644896906
189933.102375343,0.953627728709102,0.00470328076812632
76397.5006587457,0.994735539551506,0.00246415367560662
245918.002295165,0.926031383950221,0.00585294091780882
114234.795169937,0.979438338415706,0.00302716542559892
45998.4467048476,1,0.00183220098131723
