rate_COIN,yieldRel_COIN_track,uncern_yieldRel_COIN_track
2121.06536943267,0.912212832752966,0.0055152337966418
1354.26356712637,0.92555933047527,0.00449092757895991
781.631120921089,0.956905419848394,0.00354881126825544
353.369905654584,0.982951590282852,0.0025739212774665
116.212514350399,1,0.00183651104861845
116.628493922412,1.01890958801859,0.00185121218572595
