rate_Det,yieldRel_COIN_track,uncern_yieldRel_COIN_track
776749.744891677,0.943909273289834,0.00551523379664179
611852.856371155,0.950096560881899,0.0044909275789599
455657.03842953,0.974327504644188,0.00354881126825544
295499.481939945,0.992203885564931,0.00257392127746649
155911.838686128,1,0.00183651104861824
156177.12805636,1.01908508937251,0.00185121218572578
