rate_HMS3-4,yieldRel_COIN_track,uncern_yieldRel_COIN_track
136970.800689107,0.945760926957133,0.016447240938605
135775.066389468,0.951447366864413,0.01828386498832
135842.899627884,0.960401521507631,0.043060522230143
86003.882876205,0.981982946691342,0.019635289233308
34487.9334300312,1.00271827961651,0.017263676236442
111534.431778886,0.967801694025635,0.021551397153976
51608.3340450841,0.993858743828502,0.017086500092283
20738.3787791016,1,0.01679347831664
