rate_Det,yieldRel_COIN_track,uncern_yieldRel_COIN_track
301044.832809665,0.991128648686545,0.00716777362029959
301241.73972415,0.99348338236134,0.00721309013338662
298356.249462416,0.989879509757211,0.00717215264330505
298466.976164861,1.03390738274775,0.0081617622325089
189933.102375343,0.992199264181318,0.00474598511772184
76397.5006587457,1.00021718502939,0.00246916540581929
245918.002295165,0.987918142840574,0.00593711528687881
114234.795169937,0.993661999565724,0.00304013662667137
45998.4467048476,1,0.00183402805612792
