rate_SHMS3-4,yieldRel_COIN_track,uncern_yieldRel_COIN_track
164074.032120558,0.945760926957133,0.016447240938605
162581.183072949,0.951447366864413,0.01828386498832
162624.076536978,0.960401521507631,0.043060522230143
103929.219499139,0.981982946691342,0.019635289233308
41909.5672287145,1.00271827961651,0.017263676236442
134383.570516279,0.967801694025635,0.021551397153976
62626.461124853,0.993858743828502,0.017086500092283
25260.0679257459,1,0.01679347831664
