current,yieldRel_COIN_track,uncern_yieldRel_COIN_track
61.3426933290595,1.03495287142825,0.00584515326570979
49.2018273465189,0.998699609442829,0.00464224541225488
37.4718131168893,0.996114568353675,0.00360867556107233
24.8942744579762,0.996937403814456,0.00259002007784456
13.4206187066025,1,0.00183888923191818
13.4395945621814,1.01893466074248,0.00185358853366872