rate_COIN,yieldRel_COIN_track,uncern_yieldRel_COIN_track
1636.28063634427,1.12341061396278,0.009094388775511
1639.55395376542,1.13273397708106,0.01070266252753
1612.32437164799,1.14293936063136,0.010886650900802
1616.72446997728,1.16505268020417,0.035401443117337
759.560809490079,1.11069556289973,0.011669376456995
194.546873507136,1.01589396187131,0.007598015681723
1161.71635900576,1.1209944486966,0.013882845426964
344.012172763293,1.07284232285287,0.00838169200599
101.820552568552,1,0.0060709790996
