current,yieldRel_COIN_track,uncern_yieldRel_COIN_track
61.3426933290595,0.899086815025029,0.005496604602855
49.2018273465189,0.923868046595993,0.034064098259114
37.4718131168893,0.947861367535469,0.003548761583813
24.8942744579762,0.977253650532476,0.002573878031704
13.4206187066025,1,0.001836461029678
13.4395945621814,1.01983607439002,0.001837473107541
