rate_HMS3-4,yieldRel_COIN_track,uncern_yieldRel_COIN_track
174824.969539529,0.961256474341311,0.012733509078549
141117.92984712,0.969198494224915,0.011320164997958
107800.927323558,0.969491522140351,0.01102866550063
71900.1703852206,0.978862230404918,0.010384415940772
38952.0129832734,1,0.013560064602472
39014.8539232875,1.00304451377034,0.013512606536938
