rate_Det,yieldRel_COIN_track,uncern_yieldRel_COIN_track
776749.744891677,0.899086815025029,0.005496604602855
611852.856371155,0.923868046595993,0.034064098259114
455657.03842953,0.947861367535469,0.003548761583813
295499.481939945,0.977253650532476,0.002573878031704
155911.838686128,1,0.001836461029678
156177.12805636,1.01983607439002,0.001837473107541
