rate_HMS3-4,yieldRel_COIN_track,uncern_yieldRel_COIN_track
136970.800689107,0.901241163804343,0.00702031343299805
136992.362938362,0.903190137904038,0.00706591948468147
135775.066389468,0.901506882640763,0.00702956046555147
135842.899627884,0.94133523738058,0.00803598644896906
86003.882876205,0.953627728709102,0.00470328076812632
34487.9334300312,0.994735539551506,0.00246415367560662
111534.431778886,0.926031383950221,0.00585294091780882
51608.3340450841,0.979438338415706,0.00302716542559892
20738.3787791016,1,0.00183220098131723
