rate_SHMS,yieldRel_COIN_track,uncern_yieldRel_COIN_track
601924.775352148,0.961256474341311,0.012733509078549
470734.926524035,0.969198494224915,0.011320164997958
347856.111105973,0.969491522140351,0.01102866550063
223599.311554725,0.978862230404918,0.010384415940772
116959.825702855,1,0.013560064602472
117162.274133072,1.00304451377034,0.013512606536938
