rate_HMS3-4,yieldRel_COIN_track,uncern_yieldRel_COIN_track
136970.800689107,0.933806564601493,0.00702031343299805
136992.362938362,0.937001263978651,0.00706591948468147
135775.066389468,0.933810976935888,0.00702956046555146
135842.899627884,0.971445045698221,0.00803598644895665
86003.882876205,0.972872845221979,0.00470328076812631
34487.9334300312,0.999472389924786,0.0024641536756066
111534.431778886,0.952342268644343,0.0058529409178088
51608.3340450841,0.988618673360514,0.00302716542559891
20738.3787791016,1,0.0018322009813172
