rate_COIN,yieldRel_COIN_track,uncern_yieldRel_COIN_track
2121.06536943267,0.943909273289834,0.00551523379664179
1354.26356712637,0.950096560881899,0.0044909275789599
781.631120921089,0.974327504644188,0.00354881126825544
353.369905654584,0.992203885564931,0.00257392127746649
116.212514350399,1,0.00183651104861824
116.628493922412,1.01908508937251,0.00185121218572578
