rate_Det,yieldRel_COIN_track,uncern_yieldRel_COIN_track
301044.832809665,0.942884705827709,0.007020841185306
301241.73972415,0.946137072382668,0.007066649470932
298356.249462416,0.943005299894122,0.007030335297974
298466.976164861,0.981144358477244,0.008043290203078
189933.102375343,0.978674105351947,0.004705199116832
76397.5006587457,1.00078791845698,0.0024667415997
245918.002295165,0.959756836118071,0.005854699728789
114234.795169937,0.991706112591405,0.003029372826868
45998.4467048476,1,0.001834939668062
