rate_HMS3-4,yieldRel_COIN_track,uncern_yieldRel_COIN_track
136970.800689107,0.903624031821904,0.016800778385384
136992.362938362,0.906954088170887,0.007062352269602
135775.066389468,0.909526727443881,0.007025991901755
135842.899627884,0.93260885435313,0.007650826843756
86003.882876205,0.95620307401727,0.004693509528485
34487.9334300312,0.99783752763323,0.002464129035493
111534.431778886,0.931699340692285,0.005876209262679
51608.3340450841,0.981291104402067,0.003018801084691
20738.3787791016,1,0.001832183309936
