rate_HMS3-4,yieldRel_COIN_track,uncern_yieldRel_COIN_track
136970.800689107,0.942884705827709,0.007020841185306
136992.362938362,0.946137072382668,0.007066649470932
135775.066389468,0.943005299894122,0.007030335297974
135842.899627884,0.981144358477244,0.008043290203078
86003.882876205,0.978674105351947,0.004705199116832
34487.9334300312,1.00078791845698,0.0024667415997
111534.431778886,0.959756836118071,0.005854699728789
51608.3340450841,0.991706112591405,0.003029372826868
20738.3787791016,1,0.001834939668062
