current,yieldRel_COIN_track,uncern_yieldRel_COIN_track
79.3448798926113,0.991128648686545,0.00716777362029959
79.5033216174299,0.99348338236134,0.00721309013338662
78.6440598283496,0.989879509757211,0.00717215264330505
78.6668868864065,1.03390738274775,0.0081617622325089
49.3470951965908,0.992199264181318,0.00474598511772184
19.8524006413549,1.00021718502939,0.00246916540581929
64.1433411450438,0.987918142840574,0.00593711528687881
29.7359395436875,0.993661999565724,0.00304013662667137
11.9503265256691,1,0.00183402805612792
