rate_Det,yieldRel_COIN_track,uncern_yieldRel_COIN_track
278776.922775331,0.945760926957133,0.016447240938605
276415.280215631,0.951447366864413,0.01828386498832
276508.327561766,0.960401521507631,0.043060522230143
176776.85467392,0.981982946691342,0.019635289233308
71397.0240433619,1.00271827961651,0.017263676236442
228435.962033052,0.967801694025635,0.021551397153976
106633.588460399,0.993858743828502,0.017086500092283
43041.6625669691,1,0.01679347831664
