rate_COIN,yieldRel_COIN_notrack,uncern_yieldRel_COIN_notrack
79.3448798926113,1.03657793283628,0.009046987629115
79.5033216174299,1.03730322495938,0.010643394239765
78.6440598283496,1.03762163701019,0.010805632148209
78.6668868864065,1.05424934750665,0.035248144328725
49.3470951965908,1.03611633571057,0.011577300198127
19.8524006413549,1.01171303305156,0.007514462589114
64.1433411450438,1.03895558333957,0.013802336893965
29.7359395436875,1.01956145154027,0.00834073416452
11.9503265256691,1,0.006037742623853
