rate_SHMS3-4,yieldRel_COIN_track,uncern_yieldRel_COIN_track
164074.032120558,0.945760926957133,0.011356231783613
164249.376785788,0.948281104464222,0.012682134364285
162581.183072949,0.951447366864413,0.012800627645574
162624.076536978,0.960401521507631,0.035956668696829
103929.219499139,0.981982946691342,0.012404211345382
41909.5672287145,1.00271827961651,0.007784367541935
134383.570516279,0.967801694025635,0.014922158611682
62626.461124853,0.993858743828502,0.008755782334861
25260.0679257459,1,0.006155621252178
