rate_HMS3-4,yieldRel_COIN_track,uncern_yieldRel_COIN_track
174824.969539529,0.912212832752966,0.0055152337966418
141117.92984712,0.92555933047527,0.00449092757895991
107800.927323558,0.956905419848394,0.00354881126825544
71900.1703852206,0.982951590282852,0.0025739212774665
38952.0129832734,1,0.00183651104861845
39014.8539232875,1.01890958801859,0.00185121218572595