current,yieldRel_COIN_track,uncern_yieldRel_COIN_track
79.3448798926113,0.942884705827709,0.007020841185306
79.5033216174299,0.946137072382668,0.007066649470932
78.6440598283496,0.943005299894122,0.007030335297974
78.6668868864065,0.981144358477244,0.008043290203078
49.3470951965908,0.978674105351947,0.004705199116832
19.8524006413549,1.00078791845698,0.0024667415997
64.1433411450438,0.959756836118071,0.005854699728789
29.7359395436875,0.991706112591405,0.003029372826868
11.9503265256691,1,0.001834939668062
