current,yieldRel_COIN_track,uncern_yieldRel_COIN_track
79.3448798926113,0.945760926957133,0.011356231783613
79.5033216174299,0.948281104464222,0.012682134364285
78.6440598283496,0.951447366864413,0.012800627645574
78.6668868864065,0.960401521507631,0.035956668696829
49.3470951965908,0.981982946691342,0.012404211345382
19.8524006413549,1.00271827961651,0.007784367541935
64.1433411450438,0.967801694025635,0.014922158611682
29.7359395436875,0.993858743828502,0.008755782334861
11.9503265256691,1,0.006155621252178
