rate_COIN,yieldRel_COIN_track,uncern_yieldRel_COIN_track
2121.06536943267,1.03510810491252,0.005530009396118
1354.26356712637,1.02864766324412,0.004508436889181
781.631120921089,1.03751776178916,0.003579208000749
353.369905654584,1.03284178343072,0.002629963687724
116.212514350399,1,0.00216884705675
116.628493922412,1.01731795211835,0.002172424847681
