rate_Det,yieldRel_COIN_track,uncern_yieldRel_COIN_track
776749.744891677,1.03495287142825,0.00584515326570979
611852.856371155,0.998699609442829,0.00464224541225488
455657.03842953,0.996114568353675,0.00360867556107233
295499.481939945,0.996937403814456,0.00259002007784456
155911.838686128,1,0.00183888923191818
156177.12805636,1.01893466074248,0.00185358853366872
