current,yieldRel_COIN_track,uncern_yieldRel_COIN_track
61.3426933290595,0.912212832752966,0.0055152337966418
49.2018273465189,0.92555933047527,0.00449092757895991
37.4718131168893,0.956905419848394,0.00354881126825544
24.8942744579762,0.982951590282852,0.0025739212774665
13.4206187066025,1,0.00183651104861845
13.4395945621814,1.01890958801859,0.00185121218572595
