rate_COIN,yieldRel_COIN_track,uncern_yieldRel_COIN_track
2121.06536943267,0.942662821597085,0.00551523379664179
1354.26356712637,0.947917736361435,0.0044909275789599
781.631120921089,0.972022623825679,0.00354881126825544
353.369905654584,0.989838708350622,0.00257392127746649
116.212514350399,1,0.00183651104861824
116.628493922412,1.01885357861971,0.00185121218572578
