rate_Det,yieldRel_COIN_track,uncern_yieldRel_COIN_track
776749.744891677,0.961256474341311,0.012733509078549
611852.856371155,0.969198494224915,0.011320164997958
455657.03842953,0.969491522140351,0.01102866550063
295499.481939945,0.978862230404918,0.010384415940772
155911.838686128,1,0.013560064602472
156177.12805636,1.00304451377034,0.013512606536938
