rate_Det,yieldRel_COIN_track,uncern_yieldRel_COIN_track
776749.744891677,0.961256474341311,0.009094051474889
611852.856371155,0.969198494224915,0.00741483961436
455657.03842953,0.969491522140351,0.006522870622865
295499.481939945,0.978862230404918,0.005182183813895
155911.838686128,1,0.006188586319604
156177.12805636,1.00304451377034,0.006126967276887
