current,yieldRel_COIN_scaler,uncern_yieldRel_COIN_scaler
61.3426933290595,4.31167704957673,0.001378365473156
49.2018273465189,3.42499456742766,0.001378367216576
37.4718131168893,2.5837932158408,0.001378370797627
24.8942744579762,1.73405444097294,0.001378381557124
13.4206187066025,1,0.001378429032265
13.4395945621814,1.00249267329099,0.001378428837889
