rate_SHMS3-4,yieldRel_COIN_track,uncern_yieldRel_COIN_track
164074.032120558,0.901241163804343,0.00702031343299805
164249.376785788,0.903190137904038,0.00706591948468147
162581.183072949,0.901506882640763,0.00702956046555147
162624.076536978,0.94133523738058,0.00803598644896906
103929.219499139,0.953627728709102,0.00470328076812632
41909.5672287145,0.994735539551506,0.00246415367560662
134383.570516279,0.926031383950221,0.00585294091780882
62626.461124853,0.979438338415706,0.00302716542559892
25260.0679257459,1,0.00183220098131723
