current,yieldRel_COIN_track,uncern_yieldRel_COIN_track
79.3448798926113,1.12341061396278,0.009094388775511
79.5033216174299,1.13273397708106,0.01070266252753
78.6440598283496,1.14293936063136,0.010886650900802
78.6668868864065,1.16505268020417,0.035401443117337
49.3470951965908,1.11069556289973,0.011669376456995
19.8524006413549,1.01589396187131,0.007598015681723
64.1433411450438,1.1209944486966,0.013882845426964
29.7359395436875,1.07284232285287,0.00838169200599
11.9503265256691,1,0.0060709790996
