rate_Det,yieldRel_COIN_track,uncern_yieldRel_COIN_track
301044.832809665,0.908948623202873,0.00702031343299805
301241.73972415,0.910961885003207,0.00706591948468147
298356.249462416,0.909432483981866,0.00702956046555146
298466.976164861,0.949431840087385,0.00803598644895665
189933.102375343,0.958600161093758,0.00470328076812631
76397.5006587457,0.995938705448049,0.0024641536756066
245918.002295165,0.932272685953998,0.0058529409178088
114234.795169937,0.982101298275487,0.00302716542559891
45998.4467048476,1,0.0018322009813172
