rate_COIN,yieldRel_COIN_track,uncern_yieldRel_COIN_track
1636.28063634427,0.945760926957133,0.016447240938605
1612.32437164799,0.951447366864413,0.01828386498832
1616.72446997728,0.960401521507631,0.043060522230143
759.560809490079,0.981982946691342,0.019635289233308
194.546873507136,1.00271827961651,0.017263676236442
1161.71635900576,0.967801694025635,0.021551397153976
344.012172763293,0.993858743828502,0.017086500092283
101.820552568552,1,0.01679347831664
