current,yieldRel_COIN_track,uncern_yieldRel_COIN_track
61.3426933290595,0.942662821597085,0.00551523379664179
49.2018273465189,0.947917736361435,0.0044909275789599
37.4718131168893,0.972022623825679,0.00354881126825544
24.8942744579762,0.989838708350622,0.00257392127746649
13.4206187066025,1,0.00183651104861824
13.4395945621814,1.01885357861971,0.00185121218572578
