rate_HMS3-4,yieldRel_COIN_track,uncern_yieldRel_COIN_track
174824.969539529,0.961256474341311,0.009094051474889
141117.92984712,0.969198494224915,0.00741483961436
107800.927323558,0.969491522140351,0.006522870622865
71900.1703852206,0.978862230404918,0.005182183813895
38952.0129832734,1,0.006188586319604
39014.8539232875,1.00304451377034,0.006126967276887
