rate_SHMS,yieldRel_COIN_track,uncern_yieldRel_COIN_track
601924.775352148,1.03495287142825,0.00584515326570979
470734.926524035,0.998699609442829,0.00464224541225488
347856.111105973,0.996114568353675,0.00360867556107233
223599.311554725,0.996937403814456,0.00259002007784456
116959.825702855,1,0.00183888923191818
117162.274133072,1.01893466074248,0.00185358853366872
