rate_COIN,yieldRel_COIN_track,uncern_yieldRel_COIN_track
1636.28063634427,0.908948623202873,0.00702031343299805
1639.55395376542,0.910961885003207,0.00706591948468147
1612.32437164799,0.909432483981866,0.00702956046555146
1616.72446997728,0.949431840087385,0.00803598644895665
759.560809490079,0.958600161093758,0.00470328076812631
194.546873507136,0.995938705448049,0.0024641536756066
1161.71635900576,0.932272685953998,0.0058529409178088
344.012172763293,0.982101298275487,0.00302716542559891
101.820552568552,1,0.0018322009813172
