current,yieldRel_COIN_track,uncern_yieldRel_COIN_track
61.3426933290595,0.982515752526975,0.009873937253983
49.2018273465189,0.989719688946515,0.008038554176396
37.4718131168893,0.986277641257577,0.006940635741028
24.8942744579762,0.988506666024557,0.005418222234246
13.4206187066025,1,0.006247635884386
13.4395945621814,1.00306640975205,0.006186796657734
