rate_COIN,yieldRel_COIN_track,uncern_yieldRel_COIN_track
2121.06536943267,0.899086815025029,0.005496604602855
1354.26356712637,0.923868046595993,0.034064098259114
781.631120921089,0.947861367535469,0.003548761583813
353.369905654584,0.977253650532476,0.002573878031704
116.212514350399,1,0.001836461029678
116.628493922412,1.01983607439002,0.001837473107541
