rate_HMS3-4,yieldRel_COIN_track,uncern_yieldRel_COIN_track
174824.969539529,1.03495287142825,0.00584515326570979
141117.92984712,0.998699609442829,0.00464224541225488
107800.927323558,0.996114568353675,0.00360867556107233
71900.1703852206,0.996937403814456,0.00259002007784456
38952.0129832734,1,0.00183888923191818
39014.8539232875,1.01893466074248,0.00185358853366872
