rate_Det,yieldRel_COIN_track,uncern_yieldRel_COIN_track
301044.832809665,0.903624031821904,0.016800778385384
301241.73972415,0.906954088170887,0.007062352269602
298356.249462416,0.909526727443881,0.007025991901755
298466.976164861,0.93260885435313,0.007650826843756
189933.102375343,0.95620307401727,0.004693509528485
76397.5006587457,0.99783752763323,0.002464129035493
245918.002295165,0.931699340692285,0.005876209262679
114234.795169937,0.981291104402067,0.003018801084691
45998.4467048476,1,0.001832183309936
