rate_COIN,yieldRel_COIN_track,uncern_yieldRel_COIN_track
1636.28063634427,0.901241163804343,0.00702031343299805
1639.55395376542,0.903190137904038,0.00706591948468147
1612.32437164799,0.901506882640763,0.00702956046555147
1616.72446997728,0.94133523738058,0.00803598644896906
759.560809490079,0.953627728709102,0.00470328076812632
194.546873507136,0.994735539551506,0.00246415367560662
1161.71635900576,0.926031383950221,0.00585294091780882
344.012172763293,0.979438338415706,0.00302716542559892
101.820552568552,1,0.00183220098131723
