rate_SHMS3-4,yieldRel_COIN_track,uncern_yieldRel_COIN_track
164074.032120558,0.991128648686545,0.00716777362029959
164249.376785788,0.99348338236134,0.00721309013338662
162581.183072949,0.989879509757211,0.00717215264330505
162624.076536978,1.03390738274775,0.0081617622325089
103929.219499139,0.992199264181318,0.00474598511772184
41909.5672287145,1.00021718502939,0.00246916540581929
134383.570516279,0.987918142840574,0.00593711528687881
62626.461124853,0.993661999565724,0.00304013662667137
25260.0679257459,1,0.00183402805612792
