rate_SHMS,yieldRel_COIN_track,uncern_yieldRel_COIN_track
601924.775352148,0.942662821597085,0.00551523379664179
470734.926524035,0.947917736361435,0.0044909275789599
347856.111105973,0.972022623825679,0.00354881126825544
223599.311554725,0.989838708350622,0.00257392127746649
116959.825702855,1,0.00183651104861824
117162.274133072,1.01885357861971,0.00185121218572578
