rate_COIN,yieldRel_COIN_track,uncern_yieldRel_COIN_track
2121.06536943267,1.03495287142825,0.00584515326570979
1354.26356712637,0.998699609442829,0.00464224541225488
781.631120921089,0.996114568353675,0.00360867556107233
353.369905654584,0.996937403814456,0.00259002007784456
116.212514350399,1,0.00183888923191818
116.628493922412,1.01893466074248,0.00185358853366872
