rate_SHMS,yieldRel_COIN_track,uncern_yieldRel_COIN_track
601924.775352148,0.943909273289834,0.00551523379664179
470734.926524035,0.950096560881899,0.0044909275789599
347856.111105973,0.974327504644188,0.00354881126825544
223599.311554725,0.992203885564931,0.00257392127746649
116959.825702855,1,0.00183651104861824
117162.274133072,1.01908508937251,0.00185121218572578
