rate_SHMS,yieldRel_COIN_track,uncern_yieldRel_COIN_track
601924.775352148,0.982515752526975,0.009873937253983
470734.926524035,0.989719688946515,0.008038554176396
347856.111105973,0.986277641257577,0.006940635741028
223599.311554725,0.988506666024557,0.005418222234246
116959.825702855,1,0.006247635884386
117162.274133072,1.00306640975205,0.006186796657734
