rate_SHMS3-4,yieldRel_COIN_track,uncern_yieldRel_COIN_track
164074.032120558,0.933806564601493,0.00702031343299805
164249.376785788,0.937001263978651,0.00706591948468147
162581.183072949,0.933810976935888,0.00702956046555146
162624.076536978,0.971445045698221,0.00803598644895665
103929.219499139,0.972872845221979,0.00470328076812631
41909.5672287145,0.999472389924786,0.0024641536756066
134383.570516279,0.952342268644343,0.0058529409178088
62626.461124853,0.988618673360514,0.00302716542559891
25260.0679257459,1,0.0018322009813172
