rate_HMS3-4,yieldRel_COIN_track,uncern_yieldRel_COIN_track
174824.969539529,0.982515752526975,0.009873937253983
141117.92984712,0.989719688946515,0.008038554176396
107800.927323558,0.986277641257577,0.006940635741028
71900.1703852206,0.988506666024557,0.005418222234246
38952.0129832734,1,0.006247635884386
39014.8539232875,1.00306640975205,0.006186796657734
