rate_COIN,yieldRel_COIN_track,uncern_yieldRel_COIN_track
1636.28063634427,0.933806564601493,0.00702031343299805
1639.55395376542,0.937001263978651,0.00706591948468147
1612.32437164799,0.933810976935888,0.00702956046555146
1616.72446997728,0.971445045698221,0.00803598644895665
759.560809490079,0.972872845221979,0.00470328076812631
194.546873507136,0.999472389924786,0.0024641536756066
1161.71635900576,0.952342268644343,0.0058529409178088
344.012172763293,0.988618673360514,0.00302716542559891
101.820552568552,1,0.0018322009813172
