rate_COIN,yieldRel_COIN_notrack,uncern_yieldRel_COIN_notrack
1636.28063634427,1.03657793283628,0.009046987629115
1639.55395376542,1.03730322495938,0.010643394239765
1612.32437164799,1.03762163701019,0.010805632148209
1616.72446997728,1.05424934750665,0.035248144328725
759.560809490079,1.03611633571057,0.011577300198127
194.546873507136,1.01171303305156,0.007514462589114
1161.71635900576,1.03895558333957,0.013802336893965
344.012172763293,1.01956145154027,0.00834073416452
101.820552568552,1,0.006037742623853
