rate_Det,yieldRel_COIN_track,uncern_yieldRel_COIN_track
278776.922775331,1.12341061396278,0.009094388775511
279065.151230865,1.13273397708106,0.01070266252753
276415.280215631,1.14293936063136,0.010886650900802
276508.327561766,1.16505268020417,0.035401443117337
176776.85467392,1.11069556289973,0.011669376456995
71397.0240433619,1.01589396187131,0.007598015681723
228435.962033052,1.1209944486966,0.013882845426964
106633.588460399,1.07284232285287,0.00838169200599
43041.6625669691,1,0.0060709790996
