rate_Det,yieldRel_COIN_track,uncern_yieldRel_COIN_track
776749.744891677,0.912212832752966,0.0055152337966418
611852.856371155,0.92555933047527,0.00449092757895991
455657.03842953,0.956905419848394,0.00354881126825544
295499.481939945,0.982951590282852,0.0025739212774665
155911.838686128,1,0.00183651104861845
156177.12805636,1.01890958801859,0.00185121218572595
