rate_HMS3-4,yieldRel_COIN_track,uncern_yieldRel_COIN_track
174824.969539529,0.942662821597085,0.00551523379664179
141117.92984712,0.947917736361435,0.0044909275789599
107800.927323558,0.972022623825679,0.00354881126825544
71900.1703852206,0.989838708350622,0.00257392127746649
38952.0129832734,1,0.00183651104861824
39014.8539232875,1.01885357861971,0.00185121218572578
