rate_COIN,yieldRel_COIN_notrack,uncern_COIN_evts_notrack
2121.06536943267,0.912212832752966,0.00545473960358817
1354.26356712637,0.92555933047527,0.00445231788632709
781.631120921089,0.956905419848394,0.00350711840772381
353.369905654584,0.982951590282852,0.00254830537553653
116.212514350399,1,0.0018005177259648
116.628493922412,1.01890958801859,0.00180155783462914