COINTRIG_cut,COINTRIG_scaler,COIN_PS,CPULT_scaler,CPULT_scaler_uncern,HMSTRIG_cut,HMSTRIG_scaler,HMS_PS,HMS_eLT_scaler,HMS_eLT_scaler_uncern,HMS_track,HMS_track_uncern,PS1,PS2,PS3,PS4,PS5,PS6,SHMSTRIG_cut,SHMSTRIG_scaler,SHMS_PS,SHMS_eLT_scaler,SHMS_eLT_scaler_uncern,SHMS_track,SHMS_track_uncern,accp_edtm,charge,curr_corr,h_int_etotnorm_evts,h_int_etottracknorm_evts,haccp_edtm,p_int_etotnorm_evts,p_int_etottracknorm_evts,paccp_edtm,run number,sent_edtm,sent_edtm_PS,time,tot_events,c_int_Track_events,c_int_noTrack_events,c_int_Track_Rand_events,c_int_noTrack_Rand_events,HMS_3-4Trig_scaler,SHMS_3-4Trig_scaler
,915215,,0.996905575251652,0.001453111352912,,66808388,,0.989218564137984,0.001418716766342,,,,65,,,,,,61281180,65,0.989218564137984,0.001418716766342,0.9959,0.0022,4301,34815.4829681511,0.999584038265181,-1,-1,-1,590459.039649149,587395.836133271,4301,16759,284347,4374.56923076923,438.845718,939871,,,,,66808388,80720915
,323069,,0.998548700115153,0.001414060978691,,35798049,,0.994615860638502,0.001174130377838,,,,33,,,,,,32935302,33,0.994615860638502,0.001174130377838,0.9973,0.0021,4392,18339.7459955132,0.999167251722803,-1,-1,-1,637103.902918869,638350.634400724,4392,16760,153305,4645.60606060606,462.799754,992883,,,,,35798049,42641756
,158753,,0.99091124011663,0.001219891483942,,24488377,,0.99666288077224,0.001017100206423,,,,17,,,,,,22536848,17,0.99666288077224,0.001017100206423,0.9979,0.0019,5020,12537.9437389769,0.998670353785512,-1,-1,-1,859026.047173283,868345.318082217,5020,16761,86060,5062.35294117647,505.18271,1312773,,,,,24488377,29021169
,92732,,0.984226545370894,0.001001646775448,,19024560,,0.998021943656061,0.000834336392269,,,,9,,,,,,17518610,9,0.998021943656061,0.000834336392269,0.9984,0.0015,6458,9731.74119552527,0.997780607797818,-1,-1,-1,1259785.64577537,1270459.19335139,6458,16762,59015,6557.22222222222,654.501531,1915810,,,,,19024560,22482206
,592895,,0.998999853123874,0.001542398900313,,59369542,,0.991931355673696,0.001265243341102,,,,65,,,,,,54562986,65,0.991931355673696,0.001265243341102,0.9967,0.0023,2542,30526.1294202834,0.999443699234934,-1,-1,-1,541097.028920311,541810.377291139,2542,16764,169489,2607.52307692308,514.597247,838592,,,,,59369542,71244382
