rate_SHMS,yieldRel_SHMS_scaler,uncern_yieldRel_SHMS_scaler
0.139641740790553,0.998986487607228,0.061016466600408
0.071165340334213,1.00436738903043,0.061274445453091
0.044611281332253,1.00096364032505,0.061585826272637
0.026766339221902,1,0.06216491254042
0.106030466190971,1.00848809348518,0.061105190194599
