current,yieldRel_SHMS_scaler,uncern_yieldRel_SHMS_scaler
79.3012205247428,0.998986487607228,0.061016466600408
39.5948214000805,1.00436738903043,0.061274445453091
24.7856319341311,1.00096364032505,0.061585826272637
14.8359357237352,1,0.06216491254042
59.2874289339764,1.00848809348518,0.061105190194599
