CPULT_scaler,CPULT_scaler_uncern,HMSTRIG_cut,HMSTRIG_scaler,HMS_eLT,HMS_eLT_uncern,HMS_evts_scaler,HMS_evts_scaler_uncern,HMS_track,HMS_track_uncern,PS4,SHMSTRIG_cut,SHMSTRIG_scaler,SHMS_eLT,SHMS_eLT_uncern,SHMS_evts_scaler,SHMS_evts_scaler_uncern,SHMS_track,SHMS_track_uncern,accp_edtm,charge,h_int_goodscin_evts,p_int_goodscin_evts,run number,sent_edtm,time,tot_events
0.9924643097829312,0.010259461145519145,77773,10124937.0,0.9835856123485038,0.0014340182425052845,1190,34.49637662132068,0.9972,0.0001,257,72219,142101862.0,0.9835856123485038,0.0014340182425052845,342,18.49324200890693,0.9564,0.0029,974,43949.60795903641,714.0,25.0,12144,110357.0,649.2446229999993,150001
0.9924632026420488,0.008627703322550258,77797,14319026.0,0.9869121664434852,0.001173595419522191,979,31.28897569432403,0.9974,0.0001,257,72195,201278518.0,0.9869121664434852,0.001173595419522191,298,17.262676501632072,0.9661,0.0029,1123,62081.597823469754,566.3333333333333,13.999999999999998,12145,194722.0,1145.626549,150001
0.9725531799505066,0.006739654821077106,71449,5041973.0,0.9957539219322108,0.0008643753362280543,308,17.54992877478424,0.9977,0.0001,65,78524,71793704.0,0.9957539219322108,0.0008643753362280543,92,9.591663046625438,0.9628,0.0029,968,21689.23490595257,184.0833333333333,1.0,12150,62186.0,1245.72146,150001
0.9390794970245984,0.007986446240086533,80456,2305455.0,0.9981136424166932,0.0006996641090796515,166,12.884098726725126,0.9977,0.0001,33,69504,32934996.0,0.9981136424166932,0.0006996641090796515,52,7.211102550927977,0.9666,0.003,961,9807.933209073366,103.5,3.0,12152,25573.0,1282.0587970000001,150001
0.8195557048173134,0.057542006377198036,58067,8152.0,0.9993629046069532,0.0017628416595298969,81,9.0,0.9978,0.0001,9,91812,93087.0,0.9993629046069532,0.0017628416595298969,13,3.6055512754639887,0.9607,0.0029,867,120.61990464801407,59.0,0.0,12154,1768.0,177.50375599999992,150001
