CPULT_scaler,CPULT_scaler_uncern,HMSTRIG_cut,HMSTRIG_scaler,HMS_eLT,HMS_eLT_uncern,HMS_evts_scaler,HMS_evts_scaler_uncern,HMS_track,HMS_track_uncern,PS4,SHMSTRIG_cut,SHMSTRIG_scaler,SHMS_eLT,SHMS_eLT_uncern,SHMS_evts_scaler,SHMS_evts_scaler_uncern,SHMS_track,SHMS_track_uncern,accp_edtm,charge,h_int_goodscin_evts,p_int_goodscin_evts,run number,sent_edtm,time,tot_events
0.9924579949823128,0.0074076454104013215,77773,19456749.0,0.9836885116100726,0.0012146837732357402,1190,34.49637662132068,0.9972,0.0001,257,72219,272582171.0,0.9836885116100726,0.0012146837732357402,342,18.49324200890693,0.9564,0.0029,974,84403.94440239808,714.0,25.0,12144,256192.0,1499.886664,150001
0.9924540850653129,0.008365169089521592,77797,15272037.0,0.9870051239635382,0.0011515029201037462,979,31.28897569432403,0.9974,0.0001,257,72195,214100281.0,0.9870051239635382,0.0011515029201037462,298,17.262676501632072,0.9661,0.0029,1123,66138.60647447362,566.3333333333333,13.999999999999998,12145,251484.0,1479.5785489999996,150001
0.9725531799505066,0.006739654821077106,71449,5041973.0,0.9957539219322108,0.0008643753362280543,308,17.54992877478424,0.9977,0.0001,65,78524,71793704.0,0.9957539219322108,0.0008643753362280543,92,9.591663046625438,0.9628,0.0029,968,21689.23490595257,184.0833333333333,1.0,12150,62186.0,1245.72146,150001
0.9390748049094968,0.007962036746732605,80456,2319997.0,0.9981161794779586,0.0006981203760038272,166,12.884098726725126,0.9977,0.0001,33,69504,33137649.0,0.9981161794779586,0.0006981203760038272,52,7.211102550927977,0.9666,0.003,961,9876.823281850384,103.5,3.0,12152,26115.0,1309.271393,150001
0.8307591135769243,0.006293148680015113,58067,587204.0,0.9992780071665028,0.0006102423434734383,81,9.0,0.9978,0.0001,9,91812,8328313.0,0.9992780071665028,0.0006102423434734383,13,3.6055512754639887,0.9607,0.0029,867,2516.8845587235155,59.0,0.0,12154,10274.0,1031.0315529999998,150001
